ASF,FG,MN,ED,LG,JC,ND,STD,Y
0,0,1,0.938076172,0,0.513199423,1,0,0
0,0,0.530413501,0.416340607,1,0.513199423,1,0,0
0,0,1,1,0,0.513199423,1,0,0
0,0,0.529858177,0.531851959,1,0.513199423,1,0,0
0,0,0.652362155,0.520862922,0,0.513199423,1,0,0
0,0,1,1,0,0.513199423,1,1,1
0,0,1,1,1,0.513199423,1,1,1
0,0,1,1,1,0.513199423,1,1,1
0,0,1,0.686376878,1,0.513199423,1,0,1
0,0,1,1,0,0.513199423,0.522887313,1,1
0,0,1,1,1,0.513199423,0.953463298,1,1
1,0,1,0.540263678,1,0.513199423,0,1,1
1,0,1,1,0,0.513199423,0.327350126,0,1
0,0,1,1,1,0.513199423,1,1,1
0,0,1,1,0,0.513199423,0,1,1
0,0,1,1,0,0.513199423,1,1,1
1,0,1,1,0,0.513199423,0,0.185839146,1
0,0,1,1,0,0.513199423,0.277296608,1,1
0,0,0.529858177,0.416340607,1,0.513199423,0,0.035232068,1
0,0,1,1,0,0.513199423,0,0.32848113,1
0,0,0.749350227,0.421507622,0,0.513199423,0,1,1
0,0,1,1,0,0.513199423,0.616442933,1,1
0,0,1,1,1,0.513199423,1,0,1
0,0,1,1,1,0.513199423,0.170294725,0,1
0,0,1,1,1,0.513199423,0,0,1
0,0.907099501,0,0,0,0.513199423,0,0,1
0,1,0,0,1,0.513199423,0.700711683,0,1
0,0,1,1,0,0.513199423,0,1,1
0,0,0.613514048,0,0,0.513199423,0,1,1
0,0,1,1,1,0.513199423,0.065786178,0,1
0,0,0,0,1,0.366788712,0.759157859,0,0
0,0,0,0,1,0.366788712,0.6975947,0,0
0,0,0,0,1,0.366788712,0.742006651,0,0
0,0,0,0,1,0.366788712,0.687585866,0,0
0,0,0,0,0,0.366788712,0.687631638,0,0
0,0,1,1,0,0.366788712,0.24396449,1,1
1,0,1,0.614120177,0,0.366788712,0.558749613,0,1
1,0,1,0.976468314,0,0.366788712,0,0,1
0,0,0,0,1,0.366788712,0,0,1
0,0,1,1,0,0.366788712,0,1,1
1,0,1,0.840387329,0,0.366788712,0.937358059,1,1
0,0.154323709,0,0,1,0.366788712,1,0,1
0,0,0,0,1,0.366788712,0,1,1
0,0,0,0,0,0.366788712,0,0.974855038,1
0,0,0,0.479270351,0,0.366788712,0,1,1
0,0.020300904,0,0,1,0.366788712,0.396213466,0,1
0,0,0.598375974,0,1,0.366788712,0,0,1
0,0,1,1,1,0.366788712,1,0,1
0,0,0.325080815,0,0,0.366788712,0.332240427,0.228198623,1
0,0,0,0.583600934,0,0.366788712,1,0,1
0,0,1,0.439805743,0,0.366788712,0.495143389,1,1
0,1,0,0,0,0.366788712,0,0,1
0,0.256322805,0.214705091,0,1,0.366788712,0,0,1
0,0,0,0,1,0.366788712,0,0,1
0.066886104,0,1,1,1,0.366788712,0.055510694,1,1
0,0,0.322637314,0,0,0.366788712,1,0,1
0,0.732976996,0,0,0,0.366788712,1,0,1
0,0,0,0,0,0.366788712,0,0,1
1,0,1,1,1,0.366788712,0.481609551,0,1
0,0,1,0.126208206,0,0.366788712,1,1,1
0,0,0,0,0,0.345688918,0,0,0
0,0,0,0,0,0.345688918,0,0,0
0,0,0,0,0,0.345688918,0,0,0
0,0,0,0,0,0.345688918,0,0,0
0,0,0,0,0,0.345688918,0,0,0
0,0.018431876,0,0,1,0.345688918,1,1,1
0,0,1,1,0,0.345688918,0,1,1
0,0,0,0,1,0.345688918,1,0,1
0,0,0.31236169,0.402087668,1,0.345688918,0.657558658,0,1
0,0,0,0,0,0.345688918,0,0,1
1,1,0,0,0,0.345688918,1,0.638730594,1
0,0,0,0.545155139,0,0.345688918,0,1,1
0.443663153,0,0,0,1,0.345688918,0,1,1
0,0,0,0,1,0.345688918,0,0,1
0,0,0,0,1,0.345688918,0,0,1
0,0,0.306157472,1,1,0.345688918,0,0.169440846,1
0,0,0.617855256,1,1,0.345688918,0.052225885,0,1
0,0,0,0.23027951,0,0.345688918,0,1,1
0,1,0,0.010148217,1,0.345688918,1,0.78341516,1
0,0,1,1,1,0.345688918,0,0,1
0,0,1,1,0,0.345688918,0,1,1
0,0,1,1,0,0.345688918,0,1,1
0,0,1,1,0,0.345688918,0,0.419323877,1
0,0,0,0,0,0.345688918,0,1,1
0,0,0.685025689,0,1,0.345688918,0,0,1
0,0,1,1,0,0.345688918,0,0.90519148,1
1,0,1,1,1,0.345688918,0,0,1
0,0,0,0,0,0.345688918,0,1,1
0,0,1,1,1,0.345688918,0,0,1
0,0,1,0.305646685,1,0.345688918,0.462641573,0,1
0,0,0,0,0,0.44814751,0.396278953,0,0
0,0,0,0,0,0.44814751,0.264066666,0,0
0,0,0,0,0,0.44814751,0.370477613,0,0
0,0,0,0,0,0.44814751,0.107099463,0,0
0,0,0,0,0,0.44814751,0.387252523,0,0
0,1,1,1,0,0.44814751,0.678010977,0.610549426,1
0,0,1,1,0,0.44814751,0,1,1
0,0.685915133,0.902245185,1,1,0.44814751,0.125553585,1,1
0,1,0,0,0,0.44814751,0,0,1
0,0.083030921,1,0.561053791,0,0.44814751,0.397429356,1,1
0,0,0.12482284,0.755288345,1,0.44814751,1,0.681119344,1
0.989090366,0,0.955367243,0.440728781,1,0.44814751,0.508096992,1,1
0,0,0.133625919,0,1,0.44814751,1,1,1
0,0,1,1,0,0.44814751,0.647877947,0.974198868,1
0,0,1,1,0,0.44814751,1,1,1
0,0,1,0.073471,0,0.44814751,0,1,1
0,0,1,1,0,0.44814751,0.060580463,1,1
0,1,0,0,0,0.44814751,0,1,1
1,0.207137125,0.97223269,0.910387075,0,0.44814751,0,1,1
0,0,1,1,0,0.44814751,0,1,1
0,0,1,1,0,0.44814751,0,1,1
0,0,0.604445277,0.909898582,1,0.44814751,0,1,1
0,0.454918691,1,1,0,0.44814751,0,1,1
1,0,0,0,0,0.44814751,0,1,1
0,1,1,1,0,0.44814751,0,0,1
0,0,0,0,1,0.44814751,0.919291566,0,1
0,0,1,1,0,0.44814751,0.776325919,1,1
1,0,0.535165252,1,1,0.44814751,0,1,1
0,0.207137125,1,1,0,0.44814751,0,1,1
0,0,1,0.145231445,1,0.44814751,1,0,1
0,0,0,0,1,0.504930564,0.388944198,0,0
0,0,0,0,0,0.504930564,0.372870085,0,0
0,0,0,0,0,0.504930564,0.411318677,0,0
0,0,0,0,0,0.504930564,0.206491225,0,0
0,0,0,0,0,0.504930564,0.309584964,0,0
1,0,0.450506419,1,1,0.504930564,0.639809336,1,1
0,0.796322484,0,0,1,0.504930564,0.552983814,0.162495071,1
0,0,1,1,1,0.504930564,1,1,1
0,0,1,1,1,0.504930564,0.703214712,1,1
1,0.216378722,1,1,0,0.504930564,1,0,1
0,0,1,1,0,0.504930564,0.274739464,0.461054289,1
0,0,0,0.918684152,0,0.504930564,0,0,1
0,0,1,1,0,0.504930564,1,1,1
0,0,1,1,0,0.504930564,0.359070789,0.516218833,1
0,0,1,1,1,0.504930564,0.869606803,1,1
0,0,0.261179548,0.842079911,1,0.504930564,0,0.78676848,1
0,0,1,1,0,0.504930564,1,1,1
0,0,1,1,1,0.504930564,0,1,1
0,0,0.449165094,1,0,0.504930564,0,1,1
0,0,0.252086978,1,0,0.504930564,0,0.249534282,1
0,0,1,1,1,0.504930564,1,0.895896527,1
0,0,1,1,0,0.504930564,0.416286268,1,1
0,0,1,1,1,0.504930564,1,0,1
1,0,1,1,1,0.504930564,0.096221081,1,1
0,1,1,1,1,0.504930564,1,1,1
0,0,1,1,1,0.504930564,0.210802691,0,1
0,0,0.655464671,0.772675634,1,0.504930564,0.426689904,1,1
0,0,1,1,1,0.504930564,0.258190355,0,1
0,0,1,1,0,0.504930564,1,1,1
0,0,1,1,1,0.504930564,1,0,1
0,0,0,0,1,0.415915608,0.606705234,0,0
0,0,0,0,0,0.415915608,0.240924539,0,0
0,0,0,0,1,0.415915608,0.408043516,0,0
0,0,0,0,0,0.415915608,0.259391157,0,0
0,0,0,0,0,0.415915608,0.157472062,0,0
1,0,1,1,1,0.415915608,0.417154421,0.734020757,1
0,0,1,1,0,0.415915608,1,0,1
0,0.714779084,1,1,1,0.415915608,1,1,1
0,0,0,0,0,0.415915608,0,0.533679254,1
0,0,0.084835167,0.220410137,0,0.415915608,0,0,1
0,0,0,0.624521275,0,0.415915608,1,0,1
0,0,0,0,1,0.415915608,0.077075106,0,1
0,0,0,1,0,0.415915608,1,0,1
0,0,0.376940484,1,0,0.415915608,1,0,1
0,0,0,0,0,0.415915608,0.640706966,0,1
0,0,0,0,1,0.415915608,0.058031464,0.160274807,1
0,0,1,1,0,0.415915608,0,1,1
0,0,0,0.868301873,0,0.415915608,0.472951188,0,1
0.985750663,0,1,1,1,0.415915608,0,1,1
0,0,0,1,0,0.415915608,0.624381008,0,1
0,0.377946741,1,1,0,0.415915608,0.620821858,0,1
0,0,1,1,0,0.415915608,1,1,1
1,0,0.548568057,1,1,0.415915608,0.700475795,1,1
1,0,1,1,1,0.415915608,0,1,1
0,0,0.192511842,0.56487841,0,0.415915608,0.115450926,0,1
0,0,1,1,0,0.415915608,0,0,1
0,0.105774574,1,1,0,0.415915608,0,0.432511493,1
0,1,1,1,1,0.415915608,1,1,1
1,0.680366646,1,1,0,0.415915608,0,0.560703257,1
0,1,1,1,0,0.415915608,0,0.653386209,1
0,0,0,0,0,0.399321269,0,0,0
0,0,0,0,0,0.399321269,0,0,0
0,0,0,0,0,0.399321269,0,0,0
0,0,0,0,0,0.399321269,0,0,0
0,0,0,0,0,0.399321269,0,0,0
0,0,0.872156947,1,1,0.399321269,1,0,1
0,0.475763396,0.516730005,0.709218817,0,0.399321269,0,0,1
0,0,1,1,0,0.399321269,0,0.748739327,1
0,0,1,1,0,0.399321269,1,0.450629753,1
0,0,1,1,0,0.399321269,0,0,1
0,1,0,0,1,0.399321269,1,0.2581053,1
0,0,1,1,0,0.399321269,0.748674242,0,1
0,0,0.81979004,1,0,0.399321269,0.530340693,0,1
0,0,1,1,0,0.399321269,0,0,1
0,0.021790992,1,1,0,0.399321269,0,0,1
0,0,1,1,0,0.399321269,0.380922278,0.710592121,1
0,0,1,1,0,0.399321269,0,0,1
1,0,1,1,1,0.399321269,0.920095028,0.434026863,1
0,0.951424599,0,0,0,0.399321269,0,0,1
0,0,1,1,0,0.399321269,1,0.673947013,1
0,0,1,1,0,0.399321269,1,0.881267031,1
1,0,1,1,0,0.399321269,0,0,1
0,0.574678839,0,0,1,0.399321269,0.450443237,0,1
0,0,1,1,0,0.399321269,0,1,1
0,0,1,1,0,0.399321269,0,0.328454585,1
0,0,1,1,0,0.399321269,0,0,1
0,0,1,1,0,0.399321269,0.66974423,0.977394741,1
0,0,1,1,0,0.399321269,0,0.457615753,1
1,0.344307774,1,1,0,0.399321269,1,0,1
1,0,0.930250902,1,0,0.399321269,0,0,1
0,0,0,0,0,0.486832258,0.61011968,0,0
0,0,0,0,0,0.486832258,0.786135394,0,0
0,0,0,0,0,0.486832258,0.694015283,0,0
0,0,0,0,0,0.486832258,0.61363137,0,0
0,0,0,0,0,0.486832258,0.882746391,0,0
0,0,1,1,0,0.486832258,0,0.295468624,1
1,0,1,1,0,0.486832258,1,0,1
1,0,0.595831775,1,0,0.486832258,0,0.419262158,1
0,0,1,1,0,0.486832258,1,0.774257782,1
1,0,1,1,0,0.486832258,1,0.652640615,1
0,0.367210616,0,0,0,0.486832258,0.365354175,0,1
0,0,1,1,0,0.486832258,1,0.868892004,1
0,0,0.347880975,0.733956516,0,0.486832258,1,0.106156729,1
0,0,1,1,1,0.486832258,0.189925044,1,1
0,0,1,1,0,0.486832258,0.797119434,1,1
0,0,1,1,0,0.486832258,1,1,1
0,0,1,1,0,0.486832258,0.797709918,0.708505574,1
0,0,1,1,0,0.486832258,1,0.120052634,1
1,0,1,1,0,0.486832258,0.534745023,0.94130332,1
0,0.477864864,1,1,1,0.486832258,0,1,1
1,0,1,1,0,0.486832258,0.32995603,0.138843288,1
1,0,0.912437537,1,0,0.486832258,0,1,1
0,1,1,1,0,0.486832258,0,0.374235858,1
0,0,1,1,0,0.486832258,1,1,1
0,0,1,1,0,0.486832258,0.290110528,1,1
0,0,1,1,0,0.486832258,0,1,1
0,0,1,1,0,0.486832258,1,0.952387929,1
0,0,1,1,0,0.486832258,0.709289902,0.738132863,1
0,0,1,1,0,0.486832258,0.713562113,1,1
1,0,1,1,0,0.486832258,1,0,1
0,0,0,0,1,0.476815125,0,0,0
0,0,0,0,1,0.476815125,0,0,0
0,0,0,0,1,0.476815125,0,0,0
0,0,0,0,1,0.476815125,0,0,0
0,0,0,0,1,0.476815125,0.11205109,0,0
0,0,0.868714259,0.264015136,0.338951422,0.476815125,0,0.206971193,1
1,1,1,1,1,0.476815125,0.301020839,1,1
0,0,0.966274004,0.02495496,1,0.476815125,0.160688709,0.493444521,1
0,0,1,1,0,0.476815125,0.269652676,0.006078234,1
1,1,1,1,0,0.476815125,0,1,1
0,1,0,0,0.353048603,0.476815125,1,0,1
0,0,1,0,1,0.476815125,0,1,1
0,0,1,1,0,0.476815125,0.528236241,0,1
0,0.745321125,1,1,0,0.476815125,1,0,1
0,1,1,1,0,0.476815125,0.126131007,0.277237836,1
1,0,1,1,1,0.476815125,0,1,1
0,1,0,0,0,0.476815125,0,0,1
0,0,1,1,0.131973698,0.476815125,0,1,1
1,0,1,1,0.475391876,0.476815125,0.226875269,1,1
0,0,1,1,1,0.476815125,0.045983491,1,1
0,0.43187234,0.09585813,0.291821937,0.051923016,0.476815125,0,0,1
0,0,0.62218714,0,0.521927866,0.476815125,0,0.694779489,1
1,0.334769244,1,1,0,0.476815125,0.23464783,0.66963271,1
0,0,1,1,0.433093614,0.476815125,0,1,1
1,0.881488671,1,1,1,0.476815125,1,1,1
1,0,1,1,1,0.476815125,0.227668072,1,1
0,0,1,1,0.797325688,0.476815125,0.502352743,1,1
0,0,0,0.050343625,0,0.476815125,0,0,1
0,0,0,0,1,0.476815125,0,0.899681026,1
1,0,1,1,0.771240662,0.476815125,0,1,1
0,0,0,0,1,0.463431521,0.084242787,0,0
0,0,0,0,1,0.463431521,0.114271208,0,0
0,0,0,0,1,0.463431521,0.036131845,0,0
0,0,0,0,1,0.463431521,0.107677844,0,0
0,0,0,0,1,0.463431521,0,0,0
0,1,0.996766841,1,0,0.463431521,1,0,1
0,0,0.476680298,0,0.75983331,0.463431521,0,0.174158762,1
1,0,1,1,0.447805991,0.463431521,0.47024713,1,1
0,0.540795467,0.24110436,0,0.433464662,0.463431521,0.684913199,0,1
0,0,0,0,0.643779746,0.463431521,0.552526243,0,1
0,0,0,0,1,0.463431521,1,0,1
0.124952397,0,1,1,0,0.463431521,0,0.581636487,1
0,0,0.773191872,1,0.424955408,0.463431521,0.018696559,1,1
0,0.540795467,1,0,1,0.463431521,0,1,1
0,0,0.209005845,0.284205292,0,0.463431521,1,0,1
0,0.786387242,0,0,0,0.463431521,0,0,1
0,0,1,1,0.385119299,0.463431521,0,0.157750794,1
0,0,1,1,1,0.463431521,0,1,1
1,0.759795277,1,1,0,0.463431521,0.183157532,0.738188853,1
0,0,1,1,0.6853351,0.463431521,0.410725966,1,1
0,0,1,0.939981806,1,0.463431521,0,1,1
0,0,1,1,1,0.463431521,0,1,1
1,0.019560419,1,1,1,0.463431521,0,1,1
0,0.493430178,1,1,0,0.463431521,0.481359809,1,1
0,1,0,0.159753134,0,0.463431521,1,0,1
1,0.019560419,1,1,0.575569909,0.463431521,0,1,1
0,0.667215883,1,0.945430047,0,0.463431521,0,0.597314907,1
0,0,1,1,1,0.463431521,0,1,1
1,0,1,1,0,0.463431521,0.119004222,1,1
0,0.377085184,1,1,0,0.463431521,0,1,1
0,0,0,0,1,0.467341221,0,0,0
0,0,0,0,1,0.467341221,0,0,0
0,0,0,0,1,0.467341221,0,0,0
0,0,0,0,1,0.467341221,0,0,0
0,0,0,0,1,0.467341221,0,0,0
0,0.652156439,0.828884401,0.982526514,0.555333329,0.467341221,0.866531578,0,1
0,1,0,0,0,0.467341221,0,0,1
1,1,1,1,0.150118648,0.467341221,1,0.915029135,1
0,0,0.950516531,0.242017885,1,0.467341221,0,0.74427481,1
1,0,1,1,0,0.467341221,0,0.843255006,1
0,0,1,1,0.017633962,0.467341221,0,1,1
0,0,1,1,0.042442964,0.467341221,0,0.23637429,1
0,0,0,0,1,0.467341221,1,0,1
0,0,1,1,0.404283478,0.467341221,0.031430761,1,1
0,0,1,1,0,0.467341221,0,0.229732426,1
0,0,0,0,1,0.467341221,1,0.503011121,1
0.826360753,0,1,1,0.390186482,0.467341221,0,1,1
0,0,1,1,0,0.467341221,0,0.570179337,1
0,0.447518321,1,0.221637135,1,0.467341221,0,1,1
0,1,0,0.400929141,0,0.467341221,0.772260373,0,1
0,0,1,0.876485115,1,0.467341221,0,1,1
0,0,1,1,0,0.467341221,0,0.224487957,1
0,0,1,1,0.449416604,0.467341221,1,0.36871477,1
0,1,0,0,1,0.467341221,0,1,1
0,0,0.884097441,1,0.338165072,0.467341221,1,0.510815258,1
0,0,0.854904883,0.877035101,0.934053381,0.467341221,0,1,1
0,0,1,1,1,0.467341221,0,1,1
0,0,1,1,0.851045729,0.467341221,0,1,1
0,0,1,1,0.84199284,0.467341221,0,1,1
0.220970797,0.105083173,1,1,1,0.467341221,0,1,1
0.0,0.0,0.0,0.0,0.23956709552032118,1.0,1.0,0.0,0.0
0.0,0.0,0.0,0.0,0.23956916677006426,1.0,1.0,0.0,0.0
0.0,0.0,0.0,0.0,0.2396052690256773,1.0,1.0,0.0,0.0
0.0,0.0,0.0,0.0,0.2395854931475465,1.0,1.0,0.0,0.0
0.0,0.0,0.0,0.0,0.2395920108823468,1.0,1.0,0.0,0.0
1.0,0.0,0.7842483999711674,1.0,0.23682309743212335,1.0,0.0,1.0,1.0
0.0,0.7016588744272282,0.39555411005313257,0.3314066981387293,0.23750785489425383,1.0,0.0,0.28594859233038705,1.0
0.0,0.22306825186232115,1.0,1.0,0.23704654162811672,1.0,0.0,0.8219609009769879,1.0
0.0,0.8138201411869047,1.0,1.0,0.23798558727328414,1.0,0.0,1.0,1.0
1.0,0.0,0.6053453482790263,1.0,0.2372256994233134,1.0,0.0,1.0,1.0
1.0,0.13897265324681585,1.0,1.0,0.23739415324991622,1.0,0.0,0.0,1.0
0.0,0.6057793272964037,0.0,0.0,0.23708812656745878,1.0,0.0,0.8963729623928958,1.0
0.0,0.8872990352429599,1.0,1.0,0.23745650956804717,1.0,0.0,0.0,1.0
0.0,0.6057793272964037,0.0,0.0,0.23734249861923817,1.0,0.0,0.0,1.0
1.0,0.0,1.0,1.0,0.23730900010671693,1.0,0.0,1.0,1.0
0.0,1.0,1.0,1.0,0.2379474062771333,1.0,0.0,1.0,1.0
0.0,1.0,1.0,1.0,0.23694454811867166,1.0,0.0,1.0,1.0
0.0,0.0,1.0,1.0,0.2373445632945407,1.0,0.0,1.0,1.0
0.0,0.43051593067580257,1.0,1.0,0.23760408483795395,1.0,0.0,1.0,1.0
1.0,0.0,1.0,1.0,0.23753476676570226,1.0,0.0,1.0,1.0
1.0,0.0,1.0,1.0,0.23736922855093923,1.0,0.0,1.0,1.0
0.0,0.0,1.0,1.0,0.23803987643013316,1.0,0.0,1.0,1.0
0.0,0.0,0.8326163503542359,0.8920020746294324,0.23823718007863243,1.0,0.0,0.0,1.0
0.0,1.0,0.0,0.04110636078145358,0.23740695626400235,1.0,0.0,0.9764229848333086,1.0
1.0,0.0,1.0,1.0,0.23766966466017878,1.0,0.0,1.0,1.0
0.0,0.0,1.0,1.0,0.2381757196369223,1.0,0.0,1.0,1.0
0.0,1.0,0.0,0.0,0.23736046545841594,1.0,0.0,0.8121867456304837,1.0
1.0,0.0,1.0,1.0,0.23793737294278072,1.0,0.0,1.0,1.0
0.0,0.9846968194403478,1.0,1.0,0.23770357135695475,1.0,0.0,0.0,1.0
1.0,0.0,1.0,1.0,0.23796028786340423,1.0,0.0,0.0,1.0
0.0,0.0,0.0,0.0,0.23781573457976832,1.0,0.0,0.0,0.0
0.0,0.0,0.0,0.0,0.23784405081516205,1.0,0.0,0.0,0.0
0.0,0.0,0.0,0.0,0.2377706994651893,1.0,0.0,0.0,0.0
0.0,0.0,0.0,0.0,0.2379319804697391,1.0,0.0,0.0,0.0
0.0,0.0,0.0,0.0,0.23783915236874792,1.0,0.0,0.0,0.0
0.0,0.0,1.0,1.0,0.2368540386454699,1.0,0.0,1.0,1.0
0.0,1.0,0.0,0.0,0.23650696616630631,1.0,0.0,0.547818444940728,1.0
0.0,0.0,1.0,1.0,0.23662345124049325,1.0,0.0,1.0,1.0
0.0,0.0,1.0,1.0,0.2369028252869818,1.0,0.0,1.0,1.0
0.0,0.0,1.0,1.0,0.23724327640673126,1.0,0.0,0.9453908574220695,1.0
0.0,1.0,0.0,0.38210878599495857,0.236873317256068,1.0,0.0,0.7493047130419912,1.0
1.0,0.0,1.0,1.0,0.23722620579113576,1.0,0.0,1.0,1.0
0.0,0.0,0.5935286684544987,1.0,0.23760204282840325,1.0,0.0,0.0,1.0
0.0,0.42476071602976784,0.246277701367818,0.5772227021477174,0.2369909106100348,1.0,0.0,1.0,1.0
0.0,0.8648968727227442,1.0,1.0,0.23692163483342443,1.0,1.0,0.2903494525901912,1.0
0.0,1.0,0.0,0.0,0.23732609348367353,1.0,0.0,0.11662884645746208,1.0
0.0,0.0,1.0,1.0,0.23736670746582492,1.0,0.0,1.0,1.0
0.0,0.0,0.6253287881597285,1.0,0.2372325792683618,1.0,0.0,0.9120693351587273,1.0
0.0,0.0,1.0,1.0,0.23749071738585362,1.0,0.24534982567563346,1.0,1.0
0.0,0.01411414723593074,0.41013546026361136,1.0,0.2366142547462709,1.0,0.0,1.0,1.0
0.0,0.13236885560120443,1.0,1.0,0.23778274480101497,1.0,1.0,0.6699179960295576,1.0
1.0,0.0,1.0,1.0,0.23785652744326252,1.0,0.0,1.0,1.0
0.0,0.0,1.0,1.0,0.23763019368988314,1.0,0.0,1.0,1.0
0.0,0.01411414723593074,1.0,1.0,0.23749125487533662,1.0,0.0,1.0,1.0
0.0,0.0,1.0,1.0,0.23654129553039127,1.0,0.0,1.0,1.0
0.0,1.0,0.9786418780587416,0.614733362371154,0.23782441097976773,1.0,0.0,1.0,1.0
1.0,1.0,1.0,0.0,0.23700610365064204,1.0,0.0,1.0,1.0
0.0,0.0,1.0,1.0,0.2371764291800398,1.0,0.0,1.0,1.0
0.0,0.0,1.0,1.0,0.2371916261238929,1.0,0.0,1.0,1.0
0.0,0.7276037554101209,1.0,1.0,0.2370358293003903,1.0,1.0,1.0,1.0
0.0,0.0,0.0,0.0,0.23718869652154956,1.0,0.0,0.0,0.0
0.0,0.0,0.0,0.0,0.23705994088599586,1.0,0.0,0.0,0.0
0.0,0.0,0.0,0.0,0.2371169074238383,1.0,0.0,0.0,0.0
0.0,0.0,0.0,0.0,0.23694115297333213,1.0,0.0,0.0,0.0
0.0,0.0,0.0,0.0,0.2372642446047762,1.0,0.0,0.0,0.0
0.0,0.0,0.0,0.0,0.23750812276933161,1.0,0.0,0.0,1.0
0.0,0.09023842708600477,0.5894623529944707,0.0,0.23602220891449302,1.0,1.0,1.0,1.0
1.0,0.0,1.0,0.6786874186625973,0.23652147018416436,1.0,0.0,1.0,1.0
0.0,0.0,1.0,1.0,0.23555870146913302,1.0,0.2862541182343573,0.0,1.0
0.5048635762363316,0.0,1.0,0.3507845866820216,0.23630090946719465,1.0,0.908590335519321,1.0,1.0
0.0,0.0,1.0,1.0,0.23630224914166034,1.0,0.493716323243448,0.0,1.0
1.0,0.0,1.0,0.0,0.2363007850446571,1.0,0.5707614104432662,1.0,1.0
0.0,0.0,0.0,0.0,0.2372252624398021,1.0,0.0,1.0,1.0
0.0,0.0,1.0,1.0,0.23554711451396984,1.0,0.5896520317913163,1.0,1.0
1.0,1.0,0.0,0.0,0.2376543842652885,1.0,0.9410841843105546,0.20085244450942302,1.0
0.0,0.0,1.0,0.5489290785106822,0.23570057900175873,1.0,0.768063997735928,1.0,1.0
0.0,0.0,1.0,1.0,0.23570467834270084,1.0,0.3230869369931543,1.0,1.0
0.0,0.0,1.0,0.26770504231469894,0.237298691691713,1.0,1.0,0.995420570696891,1.0
0.0,0.0,0.0,1.0,0.23702785157203876,1.0,0.0,0.0,1.0
0.0,0.0,0.8852327169716028,1.0,0.2376787332518482,1.0,0.4748538783492706,1.0,1.0
1.0,1.0,0.0,0.0,0.23611712032341023,1.0,0.9339578992796985,1.0,1.0
0.0,0.0,1.0,1.0,0.23742374820673326,1.0,0.0,1.0,1.0
0.0,1.0,0.0,0.0,0.23503404993878937,1.0,1.0,1.0,1.0
0.0,0.0,1.0,1.0,0.234972050651251,1.0,0.8562048347330822,0.0,1.0
0.0,0.0,1.0,0.2083042423054683,0.23551824392638268,1.0,0.0,1.0,1.0
0.0,0.0,1.0,0.47156038248852,0.23711385060812437,1.0,1.0,1.0,1.0
0.3881813687136735,1.0,0.0,1.0,0.2363326418725087,1.0,0.0,0.37269990015088295,1.0
0.0,0.4547844999204236,0.5037756921243638,1.0,0.23697640290771702,1.0,0.4161757264878413,1.0,1.0
0.0,0.6407144688520607,1.0,1.0,0.2373239306654639,1.0,1.0,1.0,1.0
1.0,0.0,1.0,0.45801855697835353,0.23636928042202934,1.0,0.4425318098516747,0.0,1.0
0.0,0.0,0.0,0.0,0.23695193346812038,1.0,0.0,0.0,0.0
0.0,0.0,0.0,0.0,0.23699883305343797,1.0,0.0,0.0,0.0
0.0,0.0,0.0,0.0,0.2370325146980801,1.0,0.0,0.0,0.0
0.0,0.0,0.0,0.0,0.23704298314353242,1.0,0.0,0.0,0.0
0.0,0.0,0.0,0.0,0.23708912502789933,1.0,0.0,0.0,0.0
1.0,0.0,1.0,0.0,0.23685887026458693,1.0,1.0,1.0,1.0
0.0,0.0,0.4676896892156948,0.0,0.23682684408721372,1.0,0.0,0.42686420691527055,1.0
0.0,0.0,1.0,1.0,0.23767442882655146,1.0,0.0,1.0,1.0
0.0,0.0,1.0,1.0,0.23722710784937973,1.0,0.9995565943540154,1.0,1.0
0.0,0.0,0.0,0.0,0.23635017669225533,1.0,0.2355594745946678,0.0,1.0
0.0,0.0,1.0,1.0,0.23711188674550196,1.0,0.9771072862622141,1.0,1.0
0.0,0.0,1.0,1.0,0.23617350556931102,1.0,0.30769165153000755,1.0,1.0
1.0,0.0,0.7315646465375176,0.0,0.2373356836956451,1.0,0.7430729380725889,0.7288028121759021,1.0
0.0,1.0,0.9930399248122999,0.0,0.23767305844809217,1.0,0.4156916948823273,1.0,1.0
0.0,0.0,1.0,1.0,0.2373440082051575,1.0,0.0,1.0,1.0
0.0,1.0,0.7731456782271979,0.0,0.23703395129347402,1.0,1.0,1.0,1.0
0.0,0.0,1.0,1.0,0.23710828388769548,1.0,0.6200784047425799,1.0,1.0
0.0,0.0,1.0,1.0,0.236947151403429,1.0,1.0,1.0,1.0
0.0,0.0,1.0,1.0,0.23615985861083547,1.0,0.0,1.0,1.0
1.0,0.39625359471177435,1.0,0.11368743792605562,0.23652210010818872,1.0,0.983317126960773,1.0,1.0
1.0,0.0,1.0,0.0,0.23650810931341465,1.0,1.0,1.0,1.0
0.0,0.0,1.0,0.0,0.23712143749545722,1.0,0.7877978328363104,1.0,1.0
0.0,0.0,1.0,0.7033402017513742,0.23656875895863116,1.0,0.9709007541941934,1.0,1.0
0.0,0.0,1.0,1.0,0.23669627880590596,1.0,0.568288796768335,1.0,1.0
0.0,0.0,1.0,1.0,0.2369583307988656,1.0,0.0,1.0,1.0
0.0,0.0,1.0,1.0,0.23717008639535428,1.0,1.0,1.0,1.0
0.0,0.0,1.0,1.0,0.23706390264996174,1.0,1.0,1.0,1.0
0.0,0.0,1.0,1.0,0.23628245598888523,1.0,0.3103261908200924,0.0,1.0
0.0,0.0,1.0,1.0,0.23627992362448363,1.0,0.2053560452481223,0.0,1.0
1.0,0.0,1.0,0.17544889821240378,0.2375982172060207,1.0,0.016067624379497047,1.0,1.0
0.0,0.0,0.0,0.0,0.2369560965019734,1.0,0.0,0.0,0.0
0.0,0.0,0.0,0.0,0.23703557577032275,1.0,0.0,0.0,0.0
0.0,0.0,0.0,0.13418975077387252,0.23703630246154514,1.0,0.0,0.0,0.0
0.0,0.0,0.0,0.0,0.23677435089056487,1.0,0.0,0.0,0.0
0.0,0.0,0.0,0.2613098281607006,0.2369384249087187,1.0,0.0,0.0,0.0
0.0,0.0,1.0,0.5747200036739871,0.23702663632707852,1.0,1.0,0.0,1.0
0.0,0.0,0.0,1.0,0.23614297114723526,1.0,0.8937688799566661,1.0,1.0
0.0,0.0,0.0,1.0,0.2373005075048777,1.0,0.5940994597110208,0.0,1.0
0.0,0.0,0.0,0.0,0.23756682453859204,1.0,1.0,0.8800519434591079,1.0
0.0,1.0,0.0,0.0,0.2372853335818396,1.0,0.34651363873896535,1.0,1.0
0.0,0.0,1.0,1.0,0.23732641266773907,1.0,1.0,1.0,1.0
0.0,0.0,0.44898758553125456,1.0,0.2370214728730604,1.0,0.36091285506572857,1.0,1.0
0.0,0.0,0.0,1.0,0.23656941776597226,1.0,0.4909962563971444,1.0,1.0
0.0,0.0,1.0,1.0,0.2374617848326567,1.0,1.0,1.0,1.0
0.0,0.0,1.0,1.0,0.2371705799991574,1.0,0.1630937704500599,1.0,1.0
0.0,0.0,0.7208905819315459,1.0,0.2372490738753516,1.0,1.0,1.0,1.0
0.0,0.0,0.3831860998296186,1.0,0.23716359480610674,1.0,1.0,1.0,1.0
0.0,0.0,0.0,1.0,0.23615632082924518,1.0,1.0,1.0,1.0
0.0,0.0,0.943317714944518,1.0,0.23714493004251655,1.0,1.0,1.0,1.0
0.0,0.1372956483034452,0.0,1.0,0.23766249714492318,1.0,1.0,1.0,1.0
0.0,0.042427482380728354,1.0,1.0,0.23709907695687446,1.0,1.0,1.0,1.0
1.0,1.0,0.0,0.0,0.23627871327658326,1.0,1.0,1.0,1.0
0.0,0.0,0.9409000464499034,1.0,0.23717923172107597,1.0,1.0,0.1990780553767067,1.0
0.0,0.0,0.0,1.0,0.23705347070811864,1.0,0.4023607729669984,0.19896924217043133,1.0
1.0,0.0,1.0,1.0,0.23649116582218177,1.0,1.0,1.0,1.0
0.0,0.0,0.13903564377042593,1.0,0.23763927469365073,1.0,1.0,0.0,1.0
0.0,0.0,1.0,0.590269089234831,0.23686765674822313,1.0,1.0,1.0,1.0
1.0,1.0,0.0,0.8740325220871996,0.23752612501945583,1.0,1.0,0.9227787738499418,1.0
0.0,0.0,1.0,1.0,0.2368250881157404,1.0,1.0,1.0,1.0
0.0,0.0,0.4961215317207513,1.0,0.23714073984465048,1.0,0.5524085917083605,0.7797560071693412,1.0
0.0,0.0,0.0,0.0,0.23632400907019804,1.0,0.0,0.0,0.0
0.03386935030316829,0.0,0.0,0.0,0.23649614606266145,1.0,0.0,0.0,0.0
0.0,0.0,0.0,0.0,0.2363641334953098,1.0,0.0,0.0,0.0
0.0,0.0,0.0,0.0,0.23652006141145782,1.0,0.0,0.0,0.0
0.0,0.0,0.0,0.0,0.2361144040601848,1.0,0.0,0.0,0.0
0.0,1.0,0.0,0.0,0.23786638242753713,1.0,0.0,0.0,1.0
0.0,0.0,1.0,1.0,0.2379092931462772,1.0,1.0,0.0,1.0
0.0,0.0,1.0,1.0,0.2358438681187309,1.0,1.0,1.0,1.0
0.0,0.0,0.0,0.012580054697577725,0.23668919380530568,1.0,0.9371633951439348,0.0,1.0
0.0,0.09532774282243894,0.0,0.0,0.23653771178425564,1.0,0.0,0.6116292173260541,1.0
0.0,1.0,0.0,0.0,0.23622876427578682,1.0,1.0,0.0,1.0
0.0,0.0,1.0,1.0,0.23756343563341772,1.0,1.0,1.0,1.0
0.0,0.0,1.0,0.4297868436760999,0.23651011498300714,1.0,1.0,1.0,1.0
0.0,0.5360219755531676,1.0,1.0,0.23577578690569312,1.0,0.6857778780260758,1.0,1.0
0.0,0.0,1.0,1.0,0.23681404693318328,1.0,1.0,1.0,1.0
0.0,0.0,1.0,0.9185625824407536,0.23769423655068456,1.0,1.0,0.0,1.0
0.0,0.0,0.24650761739548416,0.4267608742356195,0.23606984088690483,1.0,1.0,0.3922624372653761,1.0
0.0,0.10242988398267061,0.0,0.0,0.23692280875211957,1.0,0.7754159931430118,0.0,1.0
1.0,0.0,1.0,1.0,0.23721444753020104,1.0,1.0,0.0,1.0
0.5856640344862608,0.0,1.0,1.0,0.23712755778141342,1.0,0.35787977122340275,1.0,1.0
0.0,1.0,0.6437337057323507,0.8719614547450092,0.23816026127676498,1.0,0.0,0.0,1.0
0.42377644232974615,0.0,0.43848735405202754,1.0,0.23602488174732553,1.0,1.0,0.39072609096576627,1.0
0.0,0.0,0.0,0.0,0.23791279981457225,1.0,0.974077957038977,0.0,1.0
0.0,0.0,1.0,1.0,0.2367344149845422,1.0,0.7971220012572008,1.0,1.0
0.0,0.0,1.0,1.0,0.23663966873422487,1.0,1.0,1.0,1.0
0.0,0.0,1.0,1.0,0.23677123503882622,1.0,0.3053614109859063,1.0,1.0
1.0,0.0,1.0,1.0,0.23647057528274473,1.0,1.0,1.0,1.0
0.0,0.0,0.0,0.2258949436423936,0.23609741027930506,1.0,1.0,0.0,1.0
1.0,0.6525435068922594,1.0,0.9968628893586753,0.23622180907350104,1.0,1.0,0.0,1.0
0.0,0.0,1.0,1.0,0.2373140084916402,1.0,1.0,0.0,1.0
0.0,0.0,0.0,0.0,0.23657768041029692,1.0,0.0,0.0,0.0
0.0,0.0,0.0,0.0,0.2366101684039454,1.0,0.0,0.0,0.0
0.0,0.0,0.0,0.0,0.23668321232523923,1.0,0.0,0.0,0.0
0.0,0.0,0.0,0.0,0.23657148722092364,1.0,0.0,0.0,0.0
0.0,0.0,0.0,0.0,0.2367720098145825,1.0,0.0,0.0,0.0
0.0,1.0,0.12561804333830395,0.0,0.23798801113543774,1.0,0.613107790088716,0.0,1.0
0.0,0.21742958726320816,0.0,0.0,0.2374373270540702,1.0,1.0,0.0,1.0
0.0,0.0,0.8688103152854227,0.24979505605523306,0.23704889701580212,1.0,0.4873794938470993,1.0,1.0
0.0,0.0,0.0,0.0,0.23739405256570953,1.0,0.8816475135664943,0.0,1.0
0.0,0.0,0.8987086214385851,0.09523458992261918,0.23764430991845578,1.0,1.0,0.0,1.0
0.0,0.0,0.3422690174215123,0.010389876901648054,0.2378251384383191,1.0,1.0,1.0,1.0
0.0,0.0,1.0,1.0,0.23762952713212093,1.0,1.0,0.5208425155710388,1.0
0.0,0.0,1.0,1.0,0.2366755397386859,1.0,0.9306787362694593,1.0,1.0
0.0,1.0,0.0,0.0,0.23718634965940671,1.0,1.0,0.0,1.0
0.0,0.0,0.4701740659021323,0.5032079046645783,0.23754572183819048,1.0,0.7473339521119767,0.8339728213479062,1.0
1.0,0.0,1.0,1.0,0.23657653608308493,1.0,1.0,1.0,1.0
0.0,0.6967328939500812,0.7207248546842984,0.8697381219638269,0.23826289920109267,1.0,0.0,1.0,1.0
0.0,0.0,0.6105684737714305,0.0,0.23814090437951402,1.0,1.0,0.3642895140114168,1.0
0.0,0.11174685689380687,0.5124984891043849,0.0,0.23842268358281596,1.0,1.0,0.0,1.0
0.0,1.0,0.0,0.0,0.23647472044605744,1.0,1.0,0.0,1.0
0.0,0.0,1.0,1.0,0.2376170414132437,1.0,1.0,1.0,1.0
0.0,0.0,1.0,0.39621681813801646,0.23821721855199857,1.0,1.0,1.0,1.0
0.0,0.0,0.0,0.0,0.23751090548414056,1.0,1.0,0.0,1.0
0.0,0.0,1.0,1.0,0.2375885413326407,1.0,1.0,1.0,1.0
0.0,0.0,0.35029398595708483,0.0,0.23805728637443688,1.0,0.6880639225044749,1.0,1.0
1.0,0.0,1.0,1.0,0.23677184805787665,1.0,0.5689408198785014,1.0,1.0
0.0,0.0,1.0,1.0,0.23807191776615036,1.0,1.0,0.8111993559909338,1.0
0.0,0.0,1.0,0.6578343827769813,0.2382699422995113,1.0,1.0,1.0,1.0
0.0,0.0,1.0,1.0,0.23734751103034704,1.0,1.0,1.0,1.0
0.0,0.0,0.0,0.0,0.23803705831492242,1.0,1.0,0.0,1.0
0.0,0.0,0.0,0.0,0.23693938912665988,1.0,0.0,0.0,0.0
0.2389816241942897,0.0,0.0,0.0,0.23708303050210391,1.0,0.0,0.0,0.0
0.0,0.0,0.0,0.0,0.23684649157838597,1.0,0.0,0.0,0.0
0.0,0.0,0.0,0.0,0.236610645119421,1.0,0.0,0.0,0.0
0.0,0.0,0.0,0.0,0.2367313805003095,1.0,0.0,0.0,0.0
0.0,0.0,0.7917871982267283,0.4628212231064912,0.23854652159061387,1.0,0.0,0.13819002505989297,1.0
0.0,0.0,0.14791947877189798,0.7101842269178273,0.2380757234129909,1.0,1.0,0.0,1.0
0.0,0.0,0.6285030538311265,0.5733093275142329,0.2386167065047784,1.0,1.0,0.0,1.0
0.0,0.0,1.0,0.837947659008297,0.23879414400423582,1.0,1.0,0.5187120601026838,1.0
0.0,0.0,0.8994225751534028,1.0,0.2384757000370503,1.0,1.0,0.0,1.0
0.0,1.0,0.0,0.0,0.23824262291435652,1.0,1.0,0.0,1.0
0.0,0.0,0.0,0.0,0.2387511289542451,1.0,1.0,0.0,1.0
0.0,0.0,1.0,0.22159732232290963,0.2388395302898531,1.0,0.39781448377246037,0.0,1.0
0.0,0.0,1.0,1.0,0.23875153922615627,1.0,1.0,0.3378270327652002,1.0
0.0,0.0,1.0,1.0,0.23823523717808703,1.0,0.42850843480933454,0.0,1.0
0.0,0.0,1.0,1.0,0.23872912282050635,1.0,1.0,0.3140425059849965,1.0
0.0,0.646464383120976,0.0,0.0,0.2387172489684556,1.0,1.0,0.0,1.0
0.0,0.5707930864579672,1.0,1.0,0.2379114062884711,1.0,0.0,0.0,1.0
0.0,1.0,0.6971672786120452,0.0,0.2384465876639193,1.0,0.07007159947105751,0.5773143404789491,1.0
0.0,0.0,0.2979801488333147,0.5662643049391063,0.2382458250636612,1.0,1.0,0.0,1.0
0.0,0.4922305614401045,1.0,1.0,0.23820702267444363,1.0,0.0,1.0,1.0
0.0,0.0,0.0,0.0,0.23902966690677618,1.0,1.0,0.0,1.0
0.0,0.0,0.9865138946155303,0.9729740631774921,0.23874335929737203,1.0,0.7839540152369928,1.0,1.0
0.0,0.0,0.8556562194320492,1.0,0.2380122682838948,1.0,1.0,0.0,1.0
0.0,0.0,1.0,1.0,0.23777059218836843,1.0,0.7809191824231718,1.0,1.0
0.0,0.0,1.0,1.0,0.23863344453125182,1.0,1.0,1.0,1.0
0.0,0.6876367282050476,0.4690238869860128,1.0,0.23742334775813462,1.0,0.0,0.2826364187375169,1.0
1.0,0.7863498268541448,1.0,1.0,0.2386610262571376,1.0,0.879461247749654,0.0,1.0
0.0,0.0,1.0,1.0,0.23814362630958327,1.0,0.666320683403179,1.0,1.0
0.0,0.0,1.0,1.0,0.23833945919367813,1.0,1.0,0.0,1.0
0.0,0.0,0.0,0.0,0.23707430493640438,1.0,0.0,0.0,0.0
0.0,0.0,0.0,0.0,0.23712188505244203,1.0,0.0,0.0,0.0
0.0,0.0,0.0,0.0,0.23710565047775434,1.0,0.0,0.0,0.0
0.0,0.0,0.0,0.0,0.23705463355742462,1.0,0.0,0.0,0.0
0.0,0.0,0.0,0.0,0.23713369319192862,1.0,0.0,0.0,0.0
0.0,0.0,1.0,1.0,0.23959046971713396,1.0,0.0,0.2455898556471217,1.0
0.0,0.0,1.0,0.9646245101175919,0.23897609688063715,1.0,0.710710793365429,0.0,1.0
0.0,0.0,0.8799789471713368,0.0,0.23979124991161507,1.0,1.0,0.0,1.0
0.0,0.0,1.0,0.8083766258210213,0.23959544682668477,1.0,1.0,0.8371341480625512,1.0
0.5827758768453392,1.0,1.0,1.0,0.23795553573095085,1.0,0.31332579518769577,0.07805777394990265,1.0
0.0,0.0,1.0,1.0,0.23869299637535699,1.0,0.0,0.7367613364330947,1.0
1.0,0.0,1.0,1.0,0.23854898876157044,1.0,0.4673640304513931,1.0,1.0
0.0,0.0,0.0,0.02043385166017575,0.23838781351221178,1.0,1.0,0.0,1.0
0.0,0.0,0.9783962346535784,0.0,0.23978391088698947,1.0,0.0,0.0,1.0
0.0,0.0,1.0,1.0,0.23955547749324044,1.0,0.3624750284610181,0.5778493201305676,1.0
0.0,0.0,1.0,1.0,0.23967459065270588,1.0,0.0,0.0,1.0
0.0,0.0,1.0,1.0,0.2390177913403984,1.0,0.27240371672237873,1.0,1.0
0.0,1.0,0.7944224967872962,0.765316470772438,0.2381119221934368,1.0,0.0,0.0,1.0
0.0,0.0,1.0,1.0,0.23854124646118952,1.0,0.0,1.0,1.0
0.0,0.0,0.7671589157467497,0.5736835089562882,0.23898701058840569,1.0,1.0,0.0,1.0
0.0,0.0,0.3151402902477132,0.0,0.2392667168179739,1.0,1.0,0.0,1.0
0.0,0.0,0.0,0.0,0.2385508848919631,1.0,1.0,0.0,1.0
0.0,0.5458269689949766,0.5692360776474598,0.030360233687766913,0.2391899380101061,1.0,1.0,0.004498954377153863,1.0
1.0,0.0,1.0,1.0,0.23909218008047398,1.0,0.6521241500804766,1.0,1.0
1.0,0.0,1.0,1.0,0.23914047123799048,1.0,0.0,1.0,1.0
0.0,0.0,1.0,1.0,0.23954212026766283,1.0,0.0,0.8252615753257588,1.0
1.0,0.0,1.0,1.0,0.2385765663520801,1.0,0.0,1.0,1.0
0.0,0.0,1.0,1.0,0.2387694204309153,1.0,0.8551047466781567,0.0,1.0
1.0,0.0,1.0,1.0,0.23878151224068875,1.0,0.0,1.0,1.0
0.0,0.0,0.7677382227705111,0.7930984610008964,0.23866368249326728,1.0,0.9819285955286647,0.3306939195702033,1.0
1.0,0.0,0.0,0.0,0.23820547628018554,1.0,0.0,0.0,0.0
1.0,0.0,0.0,0.0,0.23835973719126533,1.0,0.0,0.0,0.0
0.0,0.0,0.0,0.0,0.23825724622859248,1.0,0.0,0.0,0.0
0.0,0.0,0.0,0.0,0.23828988428399347,1.0,0.0,0.0,0.0
0.0,0.0,0.0,0.0,0.23823112398790242,1.0,0.0,0.0,0.0
0.0,0.7580889702615873,0.0,0.3826484917145603,0.24005904531037917,1.0,0.0,0.2819117303429002,1.0
0.0,0.0,0.0,0.0,0.24024645008273848,1.0,0.715778943910355,0.057223927371278294,1.0
0.0,0.0,1.0,0.006797461073210165,0.2405408796532976,1.0,0.0,0.1203905111553864,1.0
0.0,0.0,0.8409540549804839,1.0,0.24019180063304302,1.0,0.5969413158424111,0.5946382529518505,1.0
0.0,0.0,0.8437936616171569,0.0,0.24055265687626878,1.0,0.0,0.0,1.0
0.0,1.0,0.0,0.10960657455748862,0.23938788312925136,1.0,1.0,0.0,1.0
0.0,0.0,0.07828970279084346,0.0,0.24051152349047672,1.0,0.016474682625960524,0.0,1.0
0.0,0.0,0.0,0.0,0.2405312682183158,1.0,0.0,0.0,1.0
0.0,0.1229538004129731,0.0,0.0,0.24054773454319608,1.0,0.8100765089614219,0.3337927247299606,1.0
0.0,0.0,1.0,1.0,0.2404099859419148,1.0,0.20728549263158313,0.15381954911439866,1.0
0.0,0.0,1.0,0.0,0.24065483639797616,1.0,0.0,0.456160296109213,1.0
0.0,0.0,0.0,0.0,0.24023593267910923,1.0,0.0,0.0,1.0
0.0,0.0,0.0,0.0,0.24059138240805802,1.0,1.0,0.0,1.0
0.0,0.0,0.681107722070616,1.0,0.23987552287523983,1.0,0.7783932360188826,1.0,1.0
0.0,1.0,1.0,0.8718528015960489,0.24041842954116213,1.0,1.0,1.0,1.0
0.0,0.0,1.0,1.0,0.23987694118883332,1.0,0.8173929382606231,0.8807208583270394,1.0
0.0,1.0,0.0,0.0,0.24075065879025667,1.0,1.0,1.0,1.0
0.0,0.0,0.0,0.0,0.24048913485700207,1.0,1.0,0.10915620135109705,1.0
0.0,0.26858359422195976,0.0,0.0,0.24067425294491082,1.0,0.7958611786036779,1.0,1.0
0.0,0.0,1.0,1.0,0.24003007248593233,1.0,0.29261509104760874,0.9841881037674081,1.0
0.0,0.0,1.0,1.0,0.24037110246643806,1.0,0.0,1.0,1.0
0.0,0.0,1.0,1.0,0.2401010245897308,1.0,0.24697195545457157,1.0,1.0
0.0,0.0,0.8200402980709307,1.0,0.24008647396062593,1.0,0.04502831041971106,1.0,1.0
1.0,1.0,1.0,1.0,0.23968611568480055,1.0,1.0,1.0,1.0
0.0,1.0,0.0,1.0,0.2386974365114547,1.0,0.0,1.0,1.0
0.0,0.0,0.0,0.0,0.2386520461448735,1.0,0.0,0.0,0.0
0.0,0.0,0.0,0.0,0.23877536745206837,1.0,0.0,0.0,0.0
0.0,0.0,0.0,0.0,0.23857863973065205,1.0,0.0,0.0,0.0
0.0,0.0,0.0,0.0,0.23865922961707448,1.0,0.0,0.0,0.0
0.0,0.0,0.0,0.0,0.23859046548258517,1.0,0.0,0.0,0.0
0.0,0.0,1.0,1.0,0.2415036209663347,1.0,0.0,1.0,1.0
0.0,0.18339026201020198,1.0,0.6195139033294945,0.241682527770375,1.0,0.0,1.0,1.0
0.0,0.0,1.0,1.0,0.2415504155940327,1.0,0.0,1.0,1.0
0.0,0.26529440719159314,0.0,0.0,0.241834152917314,1.0,0.7326392857616064,0.3501175360015568,1.0
0.0,1.0,1.0,1.0,0.24186424826416855,1.0,1.0,1.0,1.0
0.0,0.42585508248225773,0.12601085872505008,0.0,0.2417429918669547,1.0,1.0,0.20960439625225236,1.0
0.0,0.3346812849601499,1.0,1.0,0.2414723433554076,1.0,0.0,0.18892387152884615,1.0
0.0,1.0,0.0,0.0,0.24141416593372364,1.0,0.0,0.0,1.0
0.0,0.0,0.0,0.0,0.24174724033194872,1.0,1.0,0.2260083036723593,1.0
0.0,0.0,0.6427261493013944,0.8591243746802959,0.24146024199404653,1.0,0.0,0.3272472080348204,1.0
0.0,0.0,0.0,0.0,0.24161030146857962,1.0,1.0,0.0,1.0
0.0,0.5959574817746385,1.0,0.6642310613090525,0.24178926518396718,1.0,1.0,0.8292132027085186,1.0
0.0,0.0,0.9242804365475931,0.7506659650502492,0.24156884975071272,1.0,0.0,1.0,1.0
0.0,1.0,0.0,0.0,0.24118220250867056,1.0,0.6259752859691925,0.0,1.0
0.0,1.0,0.08110490146887123,0.0,0.24185631352474996,1.0,1.0,0.0,1.0
0.0,0.0,1.0,1.0,0.24091575289274875,1.0,0.0,0.8431468969381044,1.0
0.0,0.0,0.37353964063763745,0.756301166376351,0.2411146786901115,1.0,0.09870790907890159,0.34647366409875724,1.0
1.0,0.515936636975974,1.0,1.0,0.24138688514380865,1.0,0.0,1.0,1.0
0.0,1.0,0.658684455218181,1.0,0.2408286445413651,1.0,1.0,0.5808771711319569,1.0
0.0,0.42585508248225773,1.0,1.0,0.24151651481742728,1.0,1.0,1.0,1.0
0.0,1.0,0.970689876091628,0.9590348879574957,0.24158452130978028,1.0,1.0,0.7849715947961182,1.0
0.0,1.0,1.0,0.25563926778850465,0.24148001450984194,1.0,0.0,1.0,1.0
0.0,0.0,1.0,1.0,0.24148446778089247,1.0,0.0,1.0,1.0
0.0,0.0,1.0,1.0,0.24127776247250668,1.0,0.3363741402491117,1.0,1.0
0.0,0.0,0.9574694370393977,0.9908609895165243,0.24153708768279858,1.0,0.0,0.7020757164459905,1.0
0.0,0.0,0.0,0.0,0.23978959404261402,1.0,0.0,0.0,0.0
0.0,0.0,0.0,0.0,0.23964347637730748,1.0,0.0,0.0,0.0
0.0,0.0,0.0,0.0,0.2396902822434577,1.0,0.0,0.0,0.0
0.0,0.0,0.0,0.0,0.23972714626371674,1.0,0.0,0.0,0.0
0.0,0.0,0.0,0.0,0.23971953045229005,1.0,0.0,0.0,0.0
0.0,0.9808090007067678,0.0,0.0,0.2427645119435693,1.0,0.19515200058422605,0.0,1.0
0.0,0.5076353603964991,0.0,0.0,0.2432397546728505,1.0,1.0,0.0,1.0
1.0,0.0,1.0,1.0,0.2422018295232404,1.0,0.1261532462644291,1.0,1.0
0.0,0.0,0.18677204679033088,0.0,0.24344511871426674,1.0,1.0,0.5288690634920219,1.0
0.0,0.1815793615399517,0.19925942208603237,0.0,0.24295888095940918,1.0,0.0,0.0,1.0
0.0,0.28644845742402886,0.0,0.0,0.24251510587831981,1.0,0.0,0.0,1.0
0.0,0.08663096754698485,0.8781748470573462,0.0,0.24294744161241,1.0,0.0,1.0,1.0
0.0,0.4278150247116098,0.0,0.0,0.24315835522980334,1.0,1.0,0.9144211072177251,1.0
0.0,0.1357454859280488,1.0,0.32505891860128044,0.24338371912687362,1.0,0.0,1.0,1.0
0.0,0.0,0.0,0.0,0.2431482778988735,1.0,1.0,0.0,1.0
0.0,0.28644845742402886,0.9952482604279876,0.7381438084945827,0.24266716217094444,1.0,0.0,0.03230447596642355,1.0
0.0,0.0,0.2539527095918428,0.0,0.24296648719103545,1.0,0.7921112352843176,0.38481107827672645,1.0
0.0,0.0,1.0,1.0,0.24218516096854403,1.0,0.0,1.0,1.0
0.0,0.5445473200243288,0.15579552922369888,0.0,0.2428196316775282,1.0,1.0,1.0,1.0
0.0,0.0,0.0,0.0,0.24326695690237607,1.0,0.5731691313563934,0.0,1.0
0.0,0.0,0.6289211052710943,0.007374985487226371,0.24294724487628228,1.0,0.2634256258744714,1.0,1.0
0.0,1.0,0.0,0.0,0.2425387253032108,1.0,1.0,0.0,1.0
0.0,0.0,1.0,0.43936536959281985,0.24304025825601017,1.0,0.0,1.0,1.0
0.0,0.0,0.12713656601836643,0.0,0.24320640936607457,1.0,1.0,0.5937952998107288,1.0
0.0,0.0,0.8130679791460999,0.07320787665702855,0.24341754525700487,1.0,1.0,0.9881990972288411,1.0
0.0,0.5076353603964991,0.0,0.0,0.24289709264410472,1.0,1.0,0.0,1.0
0.0,0.0,0.37505402516689146,0.10798327135643931,0.24313473493079207,1.0,1.0,0.0,1.0
0.0,0.0,1.0,0.4312035194321237,0.24300981713588343,1.0,1.0,0.7538894719925546,1.0
0.0,0.0,0.0,0.0,0.24336543165141042,1.0,0.9451070679277073,0.0,1.0
0.0,0.24561962613430294,1.0,0.7131331250502052,0.24304228455235136,1.0,0.0,0.9787844328217277,1.0
0.0,0.0,0.0,0.0,0.24070856135549548,1.0,0.0,0.0,0.0
0.0,0.0,0.0,0.0,0.24075073586738416,1.0,0.0,0.0,0.0
0.0,0.0,0.0,0.0,0.24084668077886437,1.0,0.0,0.0,0.0
0.0,0.0,0.0,0.0,0.24069952107713075,1.0,0.0,0.0,0.0
0.0,0.0,0.0,0.0,0.24076974476345406,1.0,0.0,0.0,0.0
0.0,0.0,1.0,0.872784148645505,0.24459038024731725,1.0,1.0,1.0,1.0
0.0,0.0,0.9772233367137092,0.5166818885257632,0.24462901679159213,1.0,0.0,0.2658307642671759,1.0
0.0,0.0,1.0,1.0,0.2442044994830657,1.0,0.06730874878931392,0.5931312618440019,1.0
0.0,0.0,1.0,1.0,0.2446589541802132,1.0,0.0,1.0,1.0
0.0,0.0,0.0,0.0,0.24444123692273104,1.0,1.0,0.0,1.0
0.0,0.0,1.0,1.0,0.24517634566980492,1.0,0.0,0.9587252225322307,1.0
0.0,0.0,1.0,1.0,0.24443986018481126,1.0,0.12951743282369643,1.0,1.0
0.0,0.0,0.25473784791925486,0.0,0.24508075503753793,1.0,1.0,0.7674067763790506,1.0
0.0,0.0,1.0,1.0,0.24445175070150352,1.0,0.811744726210804,1.0,1.0
0.0,0.0,0.09205249185125641,0.0,0.2447449605578934,1.0,0.0,0.8348643184457256,1.0
0.0,1.0,0.0,0.0,0.24431753571805948,1.0,1.0,0.0,1.0
0.0,0.0,0.0,0.0,0.24496268571728202,1.0,0.7486277434494384,0.0,1.0
1.0,0.0,1.0,1.0,0.24410020534723567,1.0,0.0,1.0,1.0
0.0,0.0,0.48740107374015934,0.0,0.2454128786026725,1.0,0.1501091922178947,0.607537842536226,1.0
0.0,0.0,1.0,1.0,0.24438730976101739,1.0,0.4915626782132825,1.0,1.0
0.0,0.0,1.0,1.0,0.24443036673564805,1.0,0.0,0.5945790918393591,1.0
0.0,0.0,0.0365547549419189,0.0,0.24411153030432756,1.0,1.0,0.8457490324052914,1.0
0.0,0.0,1.0,1.0,0.24486901479552337,1.0,0.8879819039033774,1.0,1.0
0.0,0.0,1.0,1.0,0.24445894671597815,1.0,0.27922148565535065,1.0,1.0
0.0,0.0,1.0,1.0,0.24464273750515797,1.0,0.34992056244212844,1.0,1.0
0.0,0.0,0.5837373877735204,0.24606828824547594,0.24474074343397179,1.0,0.38396297929378703,0.44641732388790845,1.0
0.0,0.0,0.995721854184694,0.8576729416773821,0.2446343616365929,1.0,0.3435006984146671,0.38785199267578563,1.0
0.0,0.0,1.0,1.0,0.24365523929719177,1.0,0.0,1.0,1.0
0.0,0.0,1.0,1.0,0.2445678992867004,1.0,0.2770350006514578,1.0,1.0
0.0,0.0,1.0,1.0,0.2441922514870392,1.0,0.12337271665350336,1.0,1.0
0.39419459943731255,0.0,0.0,0.0,0.24219616151913886,1.0,0.0,0.0,0.0
0.0,0.0,0.0,0.0,0.242175339119795,1.0,0.0,0.0,0.0
1.0,0.0,0.0,0.0,0.24213799192549904,1.0,0.0,0.0,0.0
1.0,0.0,0.0,0.0,0.24208986502044572,1.0,0.0,0.0,0.0
0.0,0.0,0.0,0.0,0.24201814784910294,1.0,0.0,0.0,0.0
0.0,0.0,0.8254587383852315,0.5568222706682301,0.24642300021902255,1.0,0.0,0.48595527591222065,1.0
0.0,1.0,0.8954021188251184,0.3602103826825408,0.2469329365423357,1.0,1.0,1.0,1.0
0.0,0.0,0.4559166380581731,0.0,0.24682594208423198,1.0,0.0,0.32337037277450187,1.0
0.0,0.4969548180537289,1.0,1.0,0.24651821147823516,1.0,0.0,0.4053997131700614,1.0
0.0,0.12369281066612847,0.0,0.0,0.24675942426554162,1.0,1.0,0.0,1.0
0.0,1.0,0.9705248547556031,1.0,0.24470910524235315,1.0,0.9481144876690537,0.10020604361569613,1.0
0.0,0.0,0.0,0.0,0.24681612469276693,1.0,0.28582471618954036,0.0,1.0
0.0,1.0,1.0,1.0,0.24651564352720126,1.0,0.5969910559786071,1.0,1.0
0.0,0.0,0.891656873009381,0.7580107333455951,0.24634835909568886,1.0,0.03745705616692918,0.626560307752592,1.0
0.0,0.0,1.0,1.0,0.24623103332028476,1.0,0.0,1.0,1.0
0.0,1.0,0.0,0.0,0.24622614141614266,1.0,0.8197580130537201,0.0,1.0
0.0,0.0,1.0,1.0,0.24662870758392832,1.0,0.12294498658275416,1.0,1.0
0.0,0.0,0.5960074465731737,0.003920908618473995,0.24706902830539024,1.0,0.1945278189101406,0.3512391506177755,1.0
0.0,0.4347870831927205,0.0,0.0,0.24654819375365547,1.0,0.8321521807455217,0.0,1.0
0.0,0.0,0.0,0.0,0.24698850157308588,1.0,0.011505974813372788,0.0,1.0
0.0,0.0,0.1794567405355802,0.0,0.24675937476674883,1.0,0.11682142447580918,0.0,1.0
0.0,1.0,0.0,0.12914975477514445,0.2464026831272347,1.0,1.0,0.0,1.0
0.0,0.0,1.0,1.0,0.2463417216245184,1.0,0.0,1.0,1.0
0.0,0.0,1.0,1.0,0.24643473080224676,1.0,0.0,1.0,1.0
0.0,1.0,1.0,0.5825738313960299,0.24711772696856918,1.0,0.0,1.0,1.0
0.0,1.0,0.0,0.0,0.24647064459464754,1.0,1.0,0.0,1.0
0.0,0.12369281066612847,0.43945472790732965,0.904775148589045,0.24651962910491398,1.0,0.6431265227159952,0.0,1.0
0.0,0.0,1.0,0.8741169361537486,0.24631204351534258,1.0,0.7096576470166887,1.0,1.0
0.0,0.4347870831927205,0.8292198549147171,0.6744895917913938,0.24639562310649005,1.0,0.5041894653613849,0.7781486519591396,1.0
0.0,1.0,1.0,1.0,0.2457793292339804,1.0,0.0,1.0,1.0
0.0,0.0,0.0,0.0,0.243593327344643,1.0,0.0,0.0,0.0
0.0,0.0,0.0,0.0,0.24359495023859362,1.0,0.0,0.0,0.0
0.0,0.0,0.0,0.0,0.24341011319063263,1.0,0.0,0.0,0.0
0.0,0.0,0.0,0.0,0.24351940342243314,1.0,0.0,0.0,0.0
0.0,0.0,0.0,0.0,0.24358094456384888,1.0,0.0,0.0,0.0
0.0,0.0,0.2323958443850499,0.018541937286855492,0.2486408429911196,1.0,0.0,0.1478030914061897,1.0
0.0,0.3955514256227413,1.0,1.0,0.2485701313469786,1.0,0.0,1.0,1.0
0.0,1.0,0.0,0.0,0.24922150458692907,1.0,1.0,0.0,1.0
0.0,0.3023850925926199,0.0,0.11340894315217076,0.24854722321533704,1.0,1.0,0.0,1.0
0.0,1.0,0.0,0.0,0.2481114353395077,1.0,1.0,0.7293587897455565,1.0
0.0,1.0,0.4772697388061653,0.0,0.24924040997912594,1.0,0.0,1.0,1.0
0.0,0.0,0.424569296245699,0.2867473891429187,0.24834301320030994,1.0,0.020076127686925738,0.40215495849092636,1.0
0.0,0.5200221101222604,0.7678443650341773,1.0,0.24775795830604266,1.0,1.0,0.3110967819395266,1.0
0.0,0.3023850925926199,0.0,0.005377480730185846,0.24885785598312207,1.0,1.0,0.0,1.0
0.0,1.0,1.0,1.0,0.24892858612466084,1.0,1.0,1.0,1.0
0.0,0.600395819229766,0.6067629841543973,0.7006105802457978,0.24789310539178736,1.0,1.0,0.28435011756783946,1.0
0.0,0.9308310109177721,0.7686522216187978,0.3664333469534385,0.2489175120452262,1.0,1.0,1.0,1.0
0.0,0.2928754133089766,0.0,0.0,0.24882986329901022,1.0,1.0,0.0,1.0
0.0,1.0,0.30857693536819986,0.3917637505592144,0.24881135931022838,1.0,1.0,0.10420319150854257,1.0
0.0,0.0,0.12784080527727887,0.0,0.24938716815149858,1.0,1.0,0.31981237482549096,1.0
0.0,0.0,0.0,0.0,0.24888014848947201,1.0,1.0,0.0,1.0
0.0,1.0,0.7758722890966281,0.2773000536614024,0.24912664582500427,1.0,1.0,1.0,1.0
0.0,0.486290577914998,1.0,0.9810666648875954,0.24880606368171546,1.0,1.0,1.0,1.0
0.0,0.0,1.0,1.0,0.2483443885915851,1.0,0.9119084610054031,1.0,1.0
0.0,0.0,1.0,1.0,0.24844935746048788,1.0,0.4292252268647213,1.0,1.0
0.0,0.20793558551970276,0.0,0.0,0.24883216682084097,1.0,1.0,0.0,1.0
0.0,1.0,0.8050693921780314,0.0,0.24881870893437258,1.0,0.0,0.9808634407237449,1.0
0.0,0.0,1.0,1.0,0.24849160779207297,1.0,0.6231632587320791,1.0,1.0
0.0,1.0,0.0,0.0,0.24945665902639982,1.0,0.8238261735622132,0.1394401483221106,1.0
1.0,0.0,1.0,1.0,0.24789316407351752,1.0,0.2005080927184475,1.0,1.0
0.0,0.0,0.0,0.0,0.2452623010290543,1.0,0.0,0.0,0.0
0.1326485398128765,0.0,0.0,0.0,0.24538445438736967,1.0,0.0,0.0,0.0
0.0,0.0,0.0,0.0,0.2453287308124019,1.0,0.0,0.0,0.0
0.0,0.0,0.0,0.0,0.24531208120483255,1.0,0.0,0.0,0.0
0.0,0.0,0.0,0.0,0.24536494241301934,1.0,0.0,0.0,0.0
0.0,0.0,1.0,1.0,0.2512154861754693,1.0,0.2665869757207844,1.0,1.0
1.0,1.0,1.0,1.0,0.25139998584611,1.0,0.0,1.0,1.0
0.0,0.17631000364329924,0.0,0.015009851409206965,0.25168451329195457,1.0,0.3708315580577367,0.0,1.0
0.0,0.0,1.0,1.0,0.25011670716030876,1.0,0.09394748681007209,0.8163110158080378,1.0
0.0,0.37422126871575967,0.5603316717654537,0.9057592008526221,0.2514109270201474,1.0,0.54459664238207,0.0,1.0
0.0,0.0,1.0,1.0,0.25105743062241886,1.0,0.0,1.0,1.0
0.0,1.0,1.0,1.0,0.2501463899876938,1.0,0.0,1.0,1.0
0.0,0.07815856535860699,0.21754848698607948,0.2727454061837797,0.2513184661412371,1.0,1.0,0.21774304045938792,1.0
0.0,0.9705690001398665,0.0,0.0,0.25135465410500174,1.0,1.0,0.0,1.0
0.0,0.0,0.0,0.0,0.2514120749098378,1.0,0.8087544077525305,0.0,1.0
0.0,0.0,0.8486630395073584,1.0,0.25115004063136515,1.0,0.0,0.0,1.0
0.0,0.8724462777744324,0.7975814641458183,0.7936232770891506,0.2514628006963668,1.0,0.0,0.0880622233276741,1.0
0.0,1.0,0.0,0.17800890275816544,0.2514680292259405,1.0,0.8560453676162567,0.0,1.0
0.0,0.0,0.30410498354612314,0.20210032664861605,0.2514566938442145,1.0,0.23036973921464854,0.0,1.0
0.0,0.0,1.0,1.0,0.2505163017897128,1.0,0.0,0.1543493096340589,1.0
0.0,0.0,0.9899779759450973,0.9497535775885276,0.2515432275651067,1.0,1.0,0.6925080004617934,1.0
0.0,0.0,1.0,1.0,0.25111986904532774,1.0,0.0,0.4863629426606655,1.0
0.0,1.0,0.4333092909203985,0.7025440756705406,0.2524176437150211,1.0,0.0699381845689967,1.0,1.0
0.0,0.9253832004580886,0.0,0.0,0.25136301287877233,1.0,0.8049261411052016,0.0,1.0
0.0,0.0,0.8401877901914923,1.0,0.25056263588715666,1.0,0.0,0.0,1.0
0.0,1.0,1.0,0.8875760089433623,0.25218956839386886,1.0,0.0,0.671630235590564,1.0
0.0,0.0,1.0,1.0,0.25098275545773546,1.0,0.7988349180805638,0.9931508168514489,1.0
0.0,1.0,1.0,1.0,0.2514844443626325,1.0,0.0,0.1034177995972424,1.0
0.0,0.0,0.0,0.0,0.2518904729364824,1.0,1.0,0.0,1.0
0.0,1.0,0.7458472547912374,0.8517879876772126,0.2511216669799501,1.0,1.0,0.38569395925535654,1.0
0.45980966080254265,0.0,0.0,0.0,0.24669165896268772,1.0,0.0,0.0,0.0
0.45980966080254265,0.0,0.0,0.0,0.2466127557131408,1.0,0.0,0.0,0.0
0.45980966080254265,0.0,0.0,0.0,0.24674607701364393,1.0,0.0,0.0,0.0
0.45980966080254265,0.0,0.0,0.0,0.2466427612279671,1.0,0.0,0.0,0.0
0.45980966080254265,0.0,0.0,0.0,0.24668491393081277,1.0,0.0,0.0,0.0
0.45980966080254265,0.0,0.3527111726636847,0.0,0.2548217850886135,1.0,0.4444334850273386,0.19794146419544845,1.0
0.45980966080254265,0.0,0.0,0.0,0.2539978925494592,1.0,1.0,0.0,1.0
0.45980966080254265,0.25203501794469985,1.0,0.4864452734486989,0.25378942417020933,1.0,0.22140548268164767,1.0,1.0
0.45980966080254265,0.0,0.0,0.0,0.25333603074137295,1.0,0.8965824707682253,0.0,1.0
0.45980966080254265,0.0,0.2881427042162992,0.0,0.2523796691344355,1.0,0.011194440716406406,0.0,1.0
0.45980966080254265,0.0,0.0,0.0,0.25397478387048295,1.0,1.0,0.0,1.0
0.45980966080254265,0.8636163149238032,1.0,0.8477790870266384,0.2544101154462579,1.0,0.8352187097965014,1.0,1.0
0.45980966080254265,1.0,1.0,1.0,0.2535268469305043,1.0,0.0,0.0,1.0
0.45980966080254265,0.0,1.0,1.0,0.2528816987000937,1.0,0.24916610441528092,0.2694705627545027,1.0
0.45980966080254265,0.0,0.36135205517097035,0.7455351787751011,0.25272809214955155,1.0,1.0,0.0,1.0
0.45980966080254265,0.0,0.034040744580054016,0.004516503302158026,0.25328469547254573,1.0,0.7069482975251171,0.0,1.0
0.45980966080254265,0.0,0.5589031264442224,0.6136681353954647,0.2530769004992688,1.0,0.32376967281218816,0.0,1.0
0.45980966080254265,0.0,0.041100256431695625,0.35743509869209367,0.2537922857791178,1.0,1.0,0.0,1.0
0.45980966080254265,0.0,0.0,0.0,0.2549128139865108,1.0,0.746092546190293,0.0,1.0
0.45980966080254265,0.5753906584313674,0.6728717204065959,0.3625972594293049,0.2527624680007052,1.0,1.0,0.599006024494447,1.0
0.45980966080254265,0.0,1.0,0.325828151329179,0.25316619730858925,1.0,1.0,1.0,1.0
0.45980966080254265,0.0,1.0,1.0,0.25380734404412486,1.0,0.03145381227081073,1.0,1.0
0.45980966080254265,0.8636163149238032,1.0,0.7211572788248876,0.25341432957139876,1.0,0.964542629956276,1.0,1.0
0.45980966080254265,1.0,0.2573486579385583,0.0449112613903509,0.25271994980454077,1.0,0.0,0.0,1.0
0.45980966080254265,0.5330225925746715,0.9936616717688274,0.0,0.2542439547861032,1.0,1.0,1.0,1.0
0.45980966080254265,0.0,0.5958029045683297,0.2459385960958025,0.2532775639674828,1.0,1.0,0.3376526485872741,1.0
0.45980966080254265,0.01666284193362877,0.08908540427494127,0.3895621735829027,0.25272869850980473,1.0,0.28125566315161976,0.0,1.0
0.45980966080254265,0.0,0.0,0.06842816671732954,0.25442001750667,1.0,0.6563043531960194,0.0,1.0
0.45980966080254265,0.31945939411369817,0.0,0.0,0.254022789151068,1.0,0.0,0.10270683938993297,1.0
0.45980966080254265,0.1729291517113184,0.0,0.0,0.25336432186969526,1.0,0.8513996797629626,0.0,1.0
0.9499017806609786,0.0,0.0,0.0,0.25018871242359353,1.0,0.0,0.0,0.0
1.0,0.0,0.0,0.0,0.2501493886894614,1.0,0.0,0.0,0.0
0.43770575613590046,0.0,0.0,0.0,0.2501343571093318,1.0,0.0,0.0,0.0
0.0,0.0,0.0,0.0,0.2502419791872669,1.0,0.0,0.0,0.0
0.0,0.0,0.0,0.0,0.2500740725163982,1.0,0.0,0.0,0.0
0.0,0.0,1.0,1.0,0.2570201991335053,1.0,1.0,0.814540349058379,1.0
0.0,0.0,0.0,0.0,0.2576137204470055,1.0,1.0,0.0,1.0
0.0,0.06420677388989343,0.8739663980699888,0.8381233738697842,0.25713965422859725,1.0,1.0,0.6296978345257089,1.0
0.0,0.0,0.0,0.0,0.25797136082603683,1.0,0.39772146746595094,0.0,1.0
1.0,0.5381247028603477,1.0,1.0,0.256875756440372,1.0,1.0,1.0,1.0
0.0,0.0,0.0645501728517282,0.0,0.2571216729566826,1.0,0.9972903991642261,0.3765053759342928,1.0
0.0,0.4037354800089752,1.0,1.0,0.25621155612051244,1.0,0.0,1.0,1.0
0.0,1.0,1.0,0.5669535035557727,0.257612514881456,1.0,0.6096720019478467,1.0,1.0
0.0,0.0,0.0,0.0,0.25708539564108895,1.0,1.0,0.0,1.0
0.0,0.0,0.25560796883008496,0.0,0.2572673827424003,1.0,0.9561506196942777,0.4864205273468005,1.0
0.0,0.0,0.9166951746652305,0.7974774211730726,0.25745938737895435,1.0,0.8701093588105906,0.9039067339640344,1.0
0.0,0.0,1.0,1.0,0.25722067487510564,1.0,0.7885649223970785,1.0,1.0
0.0,0.0,0.01977735130152447,0.0,0.2571882259396314,1.0,1.0,0.1962295492932778,1.0
0.0,1.0,1.0,1.0,0.25826597057295575,1.0,0.9210155663459779,1.0,1.0
0.0,0.0,1.0,1.0,0.2575045097042846,1.0,0.24735321965857693,1.0,1.0
0.0,0.15722165413894262,1.0,1.0,0.25787239881164953,1.0,0.6560221778796241,1.0,1.0
0.0,1.0,1.0,1.0,0.256731862052425,1.0,0.6719544370036539,1.0,1.0
0.0,0.5970691145487025,0.10721174867224331,0.0,0.2580748664025857,1.0,0.147667180354423,0.32822516536237223,1.0
0.0,1.0,0.0,0.0,0.2562480961485611,1.0,1.0,0.0,1.0
0.0,0.0,0.12633163195211833,0.10281665380845845,0.25799160316164454,1.0,1.0,0.22571408926170833,1.0
0.0,0.15722165413894262,1.0,0.8264941915967616,0.2579343729215209,1.0,0.7546813298261399,1.0,1.0
0.0,0.0,0.7523707013390348,0.5533662085035632,0.2576644099738561,1.0,0.5384002533479374,0.8449482597211646,1.0
0.0,0.0,1.0,1.0,0.25716005513490486,1.0,1.0,1.0,1.0
0.0,0.0,1.0,1.0,0.2574777560364014,1.0,0.4394869749976117,0.8352587473987954,1.0
0.0,1.0,1.0,1.0,0.25733525693568504,1.0,1.0,1.0,1.0
0.47372367028288664,0.0,0.0,0.0,0.2531550063392491,1.0,0.0,0.0,0.0
0.47372367028288664,0.0,0.0,0.0,0.2528584638745613,1.0,0.0,0.0,0.0
0.47372367028288664,0.0,0.0,0.0,0.2528278406360089,1.0,0.0,0.0,0.0
0.47372367028288664,0.0,0.0,0.0,0.2530829401813083,1.0,0.0,0.0,0.0
0.47372367028288664,0.0,0.0,0.0,0.2529393803497194,1.0,0.0,0.0,0.0
0.47372367028288664,0.0,0.0,0.3500718996570147,0.2604810148493306,1.0,0.5111836734272271,0.0,1.0
0.47372367028288664,0.0,0.0,0.0,0.26121844131575933,1.0,1.0,0.0,1.0
0.47372367028288664,0.5650760943936359,0.1293162347182224,0.3769931132706526,0.25913947435153545,1.0,0.20479284356299865,0.0,1.0
0.47372367028288664,0.0,0.0,0.0,0.26140190160008114,1.0,1.0,0.0,1.0
0.47372367028288664,0.0,1.0,1.0,0.2605174933769497,1.0,0.04457614546204408,1.0,1.0
0.47372367028288664,0.0,1.0,0.2802623504272599,0.26113551460183787,1.0,0.9942371086582324,1.0,1.0
0.47372367028288664,1.0,0.0,0.4358443799390915,0.26054176177419197,1.0,1.0,0.0,1.0
0.47372367028288664,0.0,0.0,0.0,0.26111028054557217,1.0,0.5985460246875806,0.19189381445651987,1.0
0.47372367028288664,0.0,1.0,1.0,0.2606293747719121,1.0,1.0,1.0,1.0
0.47372367028288664,0.281198880857092,0.0,0.0,0.2615716487243973,1.0,0.41308213899843294,0.0,1.0
0.47372367028288664,0.0,1.0,0.5735191978703644,0.2606549708596749,1.0,0.30317196357638765,1.0,1.0
0.47372367028288664,0.0,0.0,0.0,0.26118575820554496,1.0,0.9992868575829821,0.0,1.0
0.47372367028288664,0.0,0.2440819522606043,0.06469080720203696,0.260696772184908,1.0,1.0,0.4101703580913574,1.0
0.47372367028288664,0.3034353181958924,0.0,0.0,0.26090238704923174,1.0,0.6025411926770212,0.0,1.0
0.47372367028288664,0.0,0.03709167099813393,0.0,0.26158379628661477,1.0,1.0,0.5256396047908272,1.0
0.47372367028288664,0.0,1.0,1.0,0.2597536064118441,1.0,0.46547658308868056,1.0,1.0
0.47372367028288664,0.0,1.0,1.0,0.2590473008464059,1.0,0.028726044985488086,1.0,1.0
0.47372367028288664,0.0,0.0,0.0,0.2612061221411966,1.0,1.0,0.0,1.0
0.47372367028288664,0.0,0.0,0.0,0.2610098260550358,1.0,0.04137637821025708,0.017180272739732383,1.0
0.47372367028288664,0.0,0.8281180531314702,1.0,0.2610353957170878,1.0,0.4860947461454751,0.28515178913313644,1.0
0.47372367028288664,0.0,0.0,0.0,0.26127169570289893,1.0,0.0,0.0,1.0
0.47372367028288664,1.0,1.0,1.0,0.26159545404653733,1.0,0.15450658221509134,1.0,1.0
0.47372367028288664,0.0,1.0,1.0,0.26053074153601846,1.0,0.9327999746739377,1.0,1.0
0.47372367028288664,0.0,0.7471863245315857,0.647306793035536,0.259875610674313,1.0,1.0,0.8354259289466275,1.0
0.47372367028288664,0.0,1.0,1.0,0.26066779628444614,1.0,0.0,1.0,1.0
1.0,0.0,0.0,0.0,0.25620480313945027,1.0,0.0,0.0,0.0
1.0,0.0,0.0,0.0,0.25594280798048386,1.0,0.0,0.0,0.0
0.0,0.0,0.0,0.0,0.25567177256666956,1.0,0.0,0.0,0.0
0.03250273165048051,0.0,0.0,0.0,0.25618992668481144,1.0,0.0,0.0,0.0
1.0,0.0,0.0,0.0,0.25581969273412564,1.0,0.0,0.0,0.0
0.0,0.0,0.2796120620067707,0.3005907320996145,0.2643370852452183,1.0,1.0,0.0,1.0
0.0,0.0,0.0,0.0,0.26471673417361924,1.0,1.0,0.0,1.0
0.0,0.0,0.0,0.0,0.2650315971145291,1.0,1.0,0.0,1.0
0.0,0.0,0.0,0.0,0.26487149590083525,1.0,1.0,0.0,1.0
0.0,0.0,1.0,1.0,0.2631313457701937,1.0,0.24218301170270246,1.0,1.0
0.0,0.0,0.6880870982160403,0.9386522474814293,0.2647698765389853,1.0,1.0,0.4348196746663121,1.0
0.0,1.0,0.0,0.0,0.2661190582101658,1.0,1.0,0.0,1.0
0.0,1.0,1.0,1.0,0.26393063240938913,1.0,0.0,1.0,1.0
0.0,0.0,0.8114974861910764,0.9650851698914286,0.26429900977006626,1.0,1.0,0.6832033628422453,1.0
0.0,0.0,1.0,1.0,0.26391196586890747,1.0,0.9142881381388082,1.0,1.0
0.0,0.7132892278655095,1.0,1.0,0.2624678033492676,1.0,1.0,1.0,1.0
0.0,0.08287956057292184,0.0,0.0,0.26372528927403815,1.0,1.0,0.0,1.0
0.0,1.0,0.0,0.7120157192385872,0.2658459023501369,1.0,0.9258589481427398,0.0,1.0
0.0,0.31389060957893333,0.0,0.0,0.2645103838461427,1.0,0.3316541049415043,0.0,1.0
0.0,1.0,0.9513942286271411,0.3990289431786953,0.2653278786475784,1.0,1.0,1.0,1.0
0.0,0.0345669662412178,0.2691690522373124,0.0,0.26453511251058054,1.0,0.08651364924267585,0.6869408266110266,1.0
0.0,1.0,1.0,1.0,0.2633001319856211,1.0,1.0,1.0,1.0
0.0,0.0,0.08056746236887613,0.0,0.2647300722188351,1.0,0.74631086703728,0.20211401161604847,1.0
0.0,1.0,1.0,1.0,0.26512391177193967,1.0,0.0,1.0,1.0
0.0,0.0,0.4651952196547733,0.6082655386957334,0.2644328505772501,1.0,1.0,0.629640774935781,1.0
0.0,0.0,0.0,0.0,0.26461737534202684,1.0,1.0,0.0,1.0
0.0,0.08287956057292184,0.0,0.0,0.2645758961659677,1.0,1.0,0.0,1.0
0.0,1.0,1.0,1.0,0.26440132663749555,1.0,1.0,0.4453613864623013,1.0
0.0,0.0,0.022607003988433794,0.0,0.2646846615859836,1.0,0.8857175396942722,0.9590344459448312,1.0
0.0,0.0,0.5943532927787609,0.0,0.2636280926580692,1.0,1.0,1.0,1.0
1.0,0.0,0.0,0.0,0.259653774688058,1.0,0.0,0.0,0.0
0.0,0.0,0.0,0.0,0.2596198483319538,1.0,0.0,0.0,0.0
0.1595204163467066,0.0,0.0,0.0,0.25961962882501216,1.0,0.0,0.0,0.0
0.0,0.0,0.0,0.0,0.25956281713565,1.0,0.0,0.0,0.0
0.0,0.0,0.0,0.0,0.25968684985772733,1.0,0.0,0.0,0.0
0.0,0.0,0.7662748877182427,0.8199015881690612,0.2680325455191826,1.0,0.0,0.6544093307815946,1.0
0.0,0.0,0.2744551300406648,0.9356355721324182,0.26840024430189136,1.0,1.0,0.0,1.0
0.0,0.0,0.0,0.0,0.26872946387905455,1.0,1.0,0.0,1.0
0.0,0.0,1.0,1.0,0.2679929992747362,1.0,0.9287820369236758,1.0,1.0
0.0,0.3763914856333914,0.14218331349863117,0.5591440661066338,0.26646336672007415,1.0,1.0,0.0,1.0
0.0,0.0,0.9549300481333625,1.0,0.26919441090671514,1.0,0.7740997832371199,0.47947277092923,1.0
0.0,0.0,1.0,1.0,0.2687865322043763,1.0,0.44262579979936,0.961221536399168,1.0
0.0,0.42906306595710986,0.2764578276306273,0.35300261790656107,0.26932846497334584,1.0,0.21361751207416563,0.0,1.0
0.0,0.0,1.0,1.0,0.2686103090311162,1.0,0.7892284604859421,1.0,1.0
0.0,0.0,0.0,0.0,0.2691353415480921,1.0,1.0,0.0,1.0
0.0,0.0,1.0,1.0,0.2674653096049987,1.0,0.0,1.0,1.0
0.0,0.0,0.0,0.0,0.26930456258228797,1.0,0.40330566989311856,0.0,1.0
0.0,0.0,0.2542511448527084,0.8839422747487712,0.26856640265196813,1.0,1.0,0.026704191439432978,1.0
0.0,0.0,1.0,1.0,0.26796543534725054,1.0,0.7980922209307872,1.0,1.0
0.0,0.0,0.9321077619320498,1.0,0.26849318214835527,1.0,0.6931411419146621,0.7809489011254561,1.0
0.0,0.0,0.0,0.0,0.26882270838666866,1.0,1.0,0.0,1.0
0.0,1.0,1.0,1.0,0.26916499793970505,1.0,0.0,0.39885978950337525,1.0
0.0,0.0,0.2586981766561828,0.8724526790570356,0.2699258253692599,1.0,1.0,0.0,1.0
0.0,0.0,1.0,1.0,0.2677978505590671,1.0,1.0,1.0,1.0
0.0,1.0,0.0,0.0,0.2698663256481512,1.0,1.0,0.0,1.0
0.0,0.0,0.09947175884323406,0.5545644427307833,0.26837950877096167,1.0,1.0,0.008875017099706506,1.0
0.0,0.0,0.0,0.0,0.26908816954607834,1.0,0.8933055546207689,0.0,1.0
0.0,0.0,0.0,0.0,0.26907862008161143,1.0,0.7599602346160971,0.295825712042008,1.0
0.0,0.0,0.0,0.06743017893942915,0.2680656950737872,1.0,1.0,0.0,1.0
0.0,0.0,0.0,0.0,0.26951773660885375,1.0,0.62634037961562,0.0,1.0
0.5310720719554417,0.0,0.0,0.0,0.26281788531237016,1.0,0.0,0.0,0.0
0.5310720719554417,0.0,0.0,0.0,0.2633310108817304,1.0,0.0,0.0,0.0
0.5310720719554417,0.0,0.0,0.0,0.26320202161936385,1.0,0.0,0.0,0.0
0.5310720719554417,0.0,0.0,0.0,0.2630823690730393,1.0,0.0,0.0,0.0
0.5310720719554417,0.0,0.0,0.0,0.26322513683313103,1.0,0.0,0.0,0.0
0.5310720719554417,0.0,0.0,0.0,0.2726785650906437,1.0,1.0,0.0,1.0
0.5310720719554417,0.0,0.0,0.0,0.2728756192027934,1.0,1.0,0.0,1.0
0.5310720719554417,0.0,1.0,1.0,0.2713268667721949,1.0,1.0,0.9524689838197002,1.0
0.5310720719554417,1.0,0.0,0.30220735863176695,0.27167424555157527,1.0,1.0,0.0,1.0
0.5310720719554417,0.6313474163875283,0.0,0.0,0.27316683985043005,1.0,1.0,0.0,1.0
0.5310720719554417,1.0,0.0,0.42459474529840935,0.27300280989926523,1.0,1.0,0.0,1.0
0.5310720719554417,0.2523556825682285,0.5766511493397954,0.903706813169576,0.27198783688544276,1.0,0.36541053614542746,0.29375847241673364,1.0
0.5310720719554417,0.8549291966971235,1.0,1.0,0.26990987029123703,1.0,0.0,1.0,1.0
0.5310720719554417,0.37213697557929004,0.3044492055927424,0.5712524433793438,0.27162535082857575,1.0,1.0,0.0,1.0
0.5310720719554417,1.0,1.0,1.0,0.2717624244540403,1.0,0.2819153519447218,0.7600569297765706,1.0
0.5310720719554417,0.6555896149714256,0.46025698247835134,0.23529404525768954,0.2737736581554387,1.0,1.0,0.4957513180458833,1.0
0.5310720719554417,0.0,1.0,1.0,0.26946389936834797,1.0,1.0,1.0,1.0
0.5310720719554417,0.37213697557929004,0.0,0.0,0.27143618116160106,1.0,1.0,0.0,1.0
0.5310720719554417,0.0,0.4940665316139451,1.0,0.27219011725264414,1.0,1.0,0.0,1.0
0.5310720719554417,0.6313474163875283,0.8792099337051784,0.7323113867876516,0.2717718566993407,1.0,1.0,1.0,1.0
0.5310720719554417,0.0,0.21656926698980378,0.08716664559762949,0.27207591178897905,1.0,1.0,0.19830293644771635,1.0
0.5310720719554417,0.6555896149714256,0.005048136543371773,0.0,0.27338132284357664,1.0,0.6944383786711482,0.19580638163948139,1.0
0.5310720719554417,0.0,0.0,0.0,0.2727935794352687,1.0,1.0,0.0,1.0
0.5310720719554417,0.34973201755344097,0.28560165910691504,0.1624931522200158,0.27024678315751,1.0,0.9697872220233243,0.5339766520877179,1.0
0.5310720719554417,0.0,0.0,0.0,0.27351673588322034,1.0,1.0,0.0,1.0
0.5310720719554417,0.9461396644630365,1.0,1.0,0.2726815393961993,1.0,0.0,1.0,1.0
0.5310720719554417,0.0,1.0,1.0,0.2724562529803935,1.0,0.741868253635483,0.9750235032484267,1.0
0.5310720719554417,1.0,1.0,1.0,0.2721253674986047,1.0,0.0,1.0,1.0
0.5310720719554417,1.0,0.2115420749396561,0.46344545180685176,0.2717837236476278,1.0,1.0,0.02545160976696803,1.0
0.5310720719554417,1.0,0.0,0.0,0.2712560877539944,1.0,1.0,0.8194873124511076,1.0
1.0,0.0,0.0,0.0,0.26655972884512813,1.0,0.0,0.0,0.0
1.0,0.0,0.0,0.0,0.2666266843528391,1.0,0.0,0.0,0.0
1.0,0.0,0.0,0.0,0.26698306188116755,1.0,0.0,0.0,0.0
1.0,0.0,0.0,0.0,0.2667474036393578,1.0,0.0,0.0,0.0
0.0,0.0,0.0,0.0,0.2668586556224613,1.0,0.0,0.0,0.0
0.0,0.34080259311722644,1.0,1.0,0.2767458336136032,1.0,0.12177336224230234,1.0,1.0
0.0,0.11604965830487124,0.8162622572208724,0.8374574363406011,0.27692995990428804,1.0,1.0,0.9708924561377154,1.0
0.0,0.0,0.0,0.0,0.27604069580781293,1.0,0.4353186079222145,0.0,1.0
0.0,0.0,0.0,0.0,0.27670161634166235,1.0,1.0,0.0,1.0
0.0,1.0,1.0,1.0,0.27461812886469167,1.0,1.0,0.9370794510933254,1.0
0.0,0.9968778056499528,1.0,1.0,0.27710145271450065,1.0,0.1977647390404268,0.3704906104080849,1.0
0.0,0.0,0.8885881053681254,1.0,0.27617223749463254,1.0,0.989491081172251,0.18776791049475422,1.0
0.0,0.0,0.0,0.0,0.27731469925883456,1.0,1.0,0.0,1.0
0.0,0.0,0.5289814631601667,0.3208546588510979,0.2768636562548953,1.0,1.0,0.6298115182563956,1.0
0.0,0.0,0.0,0.0,0.277107171500628,1.0,1.0,0.0,1.0
0.0,0.0,0.0,0.0,0.27644185460761356,1.0,1.0,0.0,1.0
0.0,0.34080259311722644,0.4528792792092565,0.0,0.2768330899389261,1.0,1.0,0.5054233383117124,1.0
0.0,0.8406228713941792,0.0,0.0,0.2748793457635467,1.0,0.7818732489404039,0.0,1.0
0.0,0.2110467828209035,0.737284470302454,0.6407494219830583,0.2760924229283124,1.0,0.06643257512163647,0.5471478949248297,1.0
0.0,0.0,1.0,1.0,0.27497229261446676,1.0,0.45952540474024417,0.6781340210748346,1.0
0.0,0.0,0.0,0.0,0.2778098908744679,1.0,1.0,0.0,1.0
0.0,0.0,0.9933334565523244,1.0,0.2747652383706159,1.0,0.6735886321439138,0.538470053014517,1.0
0.0,0.4353307455989756,0.7065466853812041,0.35921407111695497,0.27650903721935555,1.0,1.0,0.8524167927302693,1.0
0.0,1.0,1.0,1.0,0.27715012665009264,1.0,0.466067161233692,1.0,1.0
0.0,0.0,1.0,0.888424046204684,0.2772601442430776,1.0,0.9934459515926972,0.9460429498184232,1.0
0.0,0.0,1.0,1.0,0.27403362689468136,1.0,0.5226192334745795,1.0,1.0
0.0,1.0,1.0,1.0,0.2733301428858811,1.0,0.8229899195336617,1.0,1.0
0.0,0.0,0.0,0.0,0.2771927234051691,1.0,1.0,0.0,1.0
0.0,0.07592848569317051,0.0,0.0,0.27696119483595777,1.0,1.0,0.0,1.0
0.0,0.5154066574651555,0.17149582670899122,0.0,0.27718107565251066,1.0,1.0,0.8358518026225328,1.0
0.5419775505461334,0.0,0.0,0.0,0.2711897541933003,1.0,0.0,0.0,0.0
0.5419775505461334,0.0,0.0,0.0,0.2712951051480229,1.0,0.0,0.0,0.0
0.5419775505461334,0.0,0.0,0.0,0.2710093440732585,1.0,0.0,0.0,0.0
0.5419775505461334,0.0,0.0,0.0,0.2710385630553964,1.0,0.0,0.0,0.0
0.5419775505461334,0.0,0.0,0.0,0.27060774383064484,1.0,0.0,0.0,0.0
0.5419775505461334,0.45698601928862137,0.0,0.0,0.2807010587893791,1.0,1.0,0.0,1.0
0.5419775505461334,0.0,1.0,1.0,0.2798430523425131,1.0,0.7732812544554656,0.5418567083174928,1.0
0.5419775505461334,0.0,1.0,1.0,0.2804494793370066,1.0,1.0,1.0,1.0
0.5419775505461334,0.0,0.0,0.0,0.2816665742792041,1.0,1.0,0.0,1.0
0.5419775505461334,0.0,0.8998083827505057,0.571565922091086,0.2790799506710354,1.0,1.0,1.0,1.0
0.5419775505461334,1.0,0.0,0.0,0.2784601286109652,1.0,1.0,0.0,1.0
0.5419775505461334,0.3545336190684692,0.0,0.0,0.27922331386658344,1.0,1.0,0.0,1.0
0.5419775505461334,0.0,0.0,0.0,0.28121199045696454,1.0,1.0,0.0,1.0
0.5419775505461334,0.0,0.0,0.0,0.28029121245434363,1.0,1.0,0.0,1.0
0.5419775505461334,0.45698601928862137,1.0,0.9457763964596171,0.28049905796964636,1.0,1.0,1.0,1.0
0.5419775505461334,0.5466086443061852,0.37280958423895294,0.6328977753383975,0.27899888654991906,1.0,1.0,0.03642607036019935,1.0
0.5419775505461334,0.10117800867288218,0.8293659006445566,1.0,0.28129906946702676,1.0,1.0,0.10554720502404313,1.0
0.5419775505461334,0.6727529123836402,0.4462016630166714,0.9049874679592778,0.27986905077180163,1.0,1.0,0.0,1.0
0.5419775505461334,1.0,0.0,0.0,0.27932818121153924,1.0,1.0,0.0,1.0
0.5419775505461334,0.520329333652727,0.0,0.0,0.2820194849626536,1.0,0.8061277745935536,0.0,1.0
0.5419775505461334,1.0,1.0,1.0,0.27835745674942586,1.0,1.0,1.0,1.0
0.5419775505461334,0.0,0.0,0.0,0.2816251255426159,1.0,1.0,0.0,1.0
0.5419775505461334,0.5535100639606287,0.0,0.5342940352729241,0.28198430805605057,1.0,1.0,0.0,1.0
0.5419775505461334,0.8826163680977948,1.0,1.0,0.2811613363715509,1.0,1.0,1.0,1.0
0.5419775505461334,1.0,1.0,1.0,0.2801678643603857,1.0,1.0,1.0,1.0
0.5419775505461334,0.0,0.0,0.0,0.2812593248697224,1.0,0.9614431175035635,0.0,1.0
0.5419775505461334,0.0,1.0,1.0,0.2803723505650694,1.0,1.0,1.0,1.0
0.5419775505461334,0.0,1.0,1.0,0.2792165005831125,1.0,1.0,0.5111652294974066,1.0
0.5419775505461334,0.0,0.5957049637339956,0.22347729035210845,0.2794196916845367,1.0,1.0,0.9022911975047041,1.0
0.5419775505461334,0.0,0.6678467387706208,0.7642383932197081,0.280009849451936,1.0,1.0,0.1403432609719717,1.0
0.0,0.0,0.0,0.0,0.275298320341492,1.0,0.0,0.0,0.0
0.0,0.0,0.0,0.0,0.2755781220022176,1.0,0.0,0.0,0.0
0.0,0.0,0.0,0.0,0.2758756573293275,1.0,0.0,0.0,0.0
0.0,0.0,0.0,0.0,0.27532228104904716,1.0,0.0,0.0,0.0
0.0,0.0,0.0,0.0,0.27601612432084216,1.0,0.0,0.0,0.0
0.0,0.4510567358224361,0.12668518141824037,0.0,0.28384578002454625,1.0,1.0,0.6146496812970292,1.0
0.0,1.0,0.9850979557702524,0.47220241023206455,0.28418396965449394,1.0,1.0,1.0,1.0
0.0,0.0,0.0,0.0,0.2852511932249519,1.0,0.6135378483161043,0.0,1.0
0.0,0.6339823489085982,0.4740069945260594,0.0,0.28349975888257867,1.0,1.0,1.0,1.0
0.0,1.0,0.0,0.0,0.28482641659173713,1.0,1.0,0.0,1.0
0.0,0.0,0.24103921813004436,0.3849527976799634,0.2844255293473492,1.0,1.0,0.0,1.0
0.0,0.0,0.6460630579055405,0.8609064054937459,0.28391553592861185,1.0,1.0,0.3320144063959652,1.0
0.0,0.20279212387197354,0.5295548176365434,0.2465548709783884,0.28446938968179736,1.0,0.8395746259929597,0.7566470761660117,1.0
0.0,1.0,0.0,0.0,0.2836751322109554,1.0,1.0,0.0,1.0
0.0,0.0,0.16249815655201894,0.0,0.2844761728611844,1.0,0.7084697280067563,0.4739558415130459,1.0
0.0,0.596350705568786,0.0,0.10344510278591362,0.28416840668366583,1.0,1.0,0.0,1.0
0.0,0.0,0.9426464152773657,0.02205449393045883,0.28486772561946067,1.0,0.4825418069680882,1.0,1.0
0.0,0.6339823489085982,0.8074448824352666,0.0,0.28427830305073487,1.0,0.9545989190554041,1.0,1.0
0.0,1.0,0.0,0.0,0.28634724173509113,1.0,0.016699572887518888,0.1766442205950639,1.0
0.0,1.0,1.0,1.0,0.2825206973556746,1.0,0.35705944260998557,1.0,1.0
1.0,0.544261363307339,1.0,1.0,0.2848009277657683,1.0,1.0,1.0,1.0
0.0,0.0,0.4155646267417179,0.6109479167119096,0.28427581580800626,1.0,1.0,0.3288355204389365,1.0
0.0,0.0,1.0,0.45598245635678836,0.2846272043228367,1.0,1.0,1.0,1.0
0.0,0.544261363307339,0.0,0.0,0.2856396671124488,1.0,1.0,0.07275572327875918,1.0
0.0,0.0,0.0,0.0,0.2853612878935311,1.0,1.0,0.0,1.0
0.0,0.20279212387197354,0.0,0.0,0.2852956397362511,1.0,1.0,0.0,1.0
0.0,0.0,0.13984185558074397,0.461107856871637,0.2851034447906668,1.0,1.0,0.0,1.0
0.0,0.0,1.0,1.0,0.28420468892283374,1.0,1.0,1.0,1.0
0.0,0.5842393596856568,1.0,0.574336361050864,0.2841676931357419,1.0,0.3816043774328309,1.0,1.0
0.0,0.596350705568786,0.0,0.0,0.28495364923688443,1.0,0.7782212533357328,0.0,1.0
0.0,0.0,0.0,0.0,0.2798335460338057,1.0,0.0,0.0,0.0
0.0,0.0,0.0,0.0,0.2798217989215906,1.0,0.0,0.0,0.0
0.0,0.0,0.0,0.0,0.27929679340765307,1.0,0.0,0.0,0.0
0.0,0.0,0.0,0.0,0.279902423121368,1.0,0.0,0.0,0.0
0.0,0.0,0.0,0.0,0.2801773127791934,1.0,0.0,0.0,0.0
0.0,0.7460170076905499,1.0,1.0,0.28779087347141624,1.0,0.17467145700295084,1.0,1.0
0.0,0.525652765093834,0.0,0.0,0.2889170875855286,1.0,1.0,0.0,1.0
0.0,0.0,1.0,1.0,0.28792943493545997,1.0,0.9507791806584711,1.0,1.0
0.0,0.525652765093834,1.0,1.0,0.28608764021432936,1.0,1.0,1.0,1.0
0.0,1.0,1.0,1.0,0.28820792956613644,1.0,1.0,0.5048403384011376,1.0
0.0,0.0,1.0,1.0,0.2883622141706696,1.0,0.12554781983686525,1.0,1.0
0.0,0.0,0.7079756665641864,0.8085106552248926,0.2889061778023135,1.0,1.0,0.43400803102847946,1.0
0.0,0.0,0.0,0.0,0.28978685483212807,1.0,1.0,0.0,1.0
0.0,0.0,1.0,1.0,0.2887180260661665,1.0,1.0,1.0,1.0
1.0,0.19312042471668334,1.0,1.0,0.2872617551821012,1.0,0.0,1.0,1.0
0.0,1.0,0.0,0.0,0.2895986513490573,1.0,1.0,0.0,1.0
0.0,0.0,1.0,1.0,0.28849794175880483,1.0,0.0,1.0,1.0
0.0,1.0,0.0,0.0,0.28945455695446776,1.0,1.0,0.0,1.0
0.0,0.0,1.0,1.0,0.2881412170649995,1.0,0.2334482746093351,1.0,1.0
0.389127644624226,0.32048764099754146,1.0,1.0,0.28797289322854663,1.0,0.48656809825329944,1.0,1.0
0.0,0.9559752841132718,0.0,0.0,0.28996140306069657,1.0,1.0,0.0,1.0
0.0,0.8624704381486252,0.0,0.0,0.2881655415663328,1.0,1.0,0.0,1.0
0.0,0.36657299182699443,0.0,0.0,0.28995449118899197,1.0,1.0,0.0,1.0
0.0,1.0,1.0,0.9790842151627873,0.2886814983789996,1.0,0.2764577401120515,1.0,1.0
0.0,0.0,0.0,0.09038658295605634,0.28885980189975713,1.0,0.8083758994024113,0.01984151496591907,1.0
0.0,0.0,0.7183858967018857,1.0,0.28855508735947033,1.0,0.9872635759921409,0.2939476435293368,1.0
0.0,1.0,1.0,1.0,0.2900745971949551,1.0,1.0,0.8139710115523142,1.0
0.0,0.8594925977671284,1.0,1.0,0.2863620128778456,1.0,1.0,1.0,1.0
0.0,0.40130846749934795,0.5320782512410844,0.19522492711031203,0.28825372270727195,1.0,1.0,0.809693626981717,1.0
0.0,0.0,0.8713588182592356,1.0,0.288755280243914,1.0,1.0,0.43253570755070414,1.0
0.0,0.0,0.0,0.0,0.28245081919694504,1.0,0.0,0.0,0.0
0.0,0.0,0.0,0.0,0.282226751873843,1.0,0.0,0.0,0.0
0.0,0.0,0.0,0.0,0.2828050327938523,1.0,0.0,0.0,0.0
0.0,0.0,0.0,0.0,0.2828065900185884,1.0,0.0,0.0,0.0
0.0,0.0,0.0,0.0,0.2829544649498093,1.0,0.0,0.0,0.0
0.0,1.0,0.3504521327890048,0.0,0.29311096814002496,1.0,1.0,0.36601644695370494,1.0
0.0,0.0,0.0,0.0,0.29327354543081624,1.0,1.0,0.0,1.0
0.0,0.0,0.368229237322326,0.031392218302714325,0.2926785482326966,1.0,0.9603908979594508,0.0,1.0
0.0,0.0,0.375222196739111,0.22800349373483486,0.2932827246846823,1.0,1.0,0.0,1.0
0.0,0.0,0.6751541299186292,0.1776523559723172,0.2921232550445034,1.0,0.0,0.3096419743554656,1.0
0.0,0.7025449897926985,0.588214931718015,0.5883081703133957,0.29226668123889094,1.0,1.0,0.0,1.0
0.0,0.056728548635600895,1.0,1.0,0.29136588800080737,1.0,0.0,0.8066955160259812,1.0
0.0,0.7783290437919219,0.0,0.0,0.29302845543350997,1.0,1.0,0.0,1.0
0.0,0.0,1.0,1.0,0.29263760749784395,1.0,0.6980481012755713,0.13652699849006789,1.0
0.0,0.12723721297226692,0.9623963398521627,0.6527705278695063,0.2935776725618185,1.0,1.0,0.5376759576625886,1.0
0.0,0.0,0.8037483999072209,0.9513220686604722,0.2925890762034362,1.0,1.0,0.0,1.0
0.0,1.0,0.06309873013545936,0.27992605821921435,0.2912625451744399,1.0,0.4744837249161249,0.0,1.0
0.0,0.0,0.0,0.0,0.2935460166790099,1.0,1.0,0.0,1.0
0.0,0.0,1.0,0.9037440990169284,0.2931044285049383,1.0,0.7533891935956272,0.7911974082068988,1.0
0.0,0.0,1.0,0.9445995111096372,0.2920337803021938,1.0,0.8642806916614403,0.8058591563150048,1.0
0.0,0.0,1.0,1.0,0.2898648154191953,1.0,0.4589079213570907,0.7807441075242829,1.0
1.0,0.46616685190141544,1.0,1.0,0.291683515051195,1.0,0.35780717855113897,1.0,1.0
0.0,0.12723721297226692,1.0,1.0,0.2933051415494953,1.0,1.0,0.9726190458722074,1.0
0.0,1.0,0.5718029773273958,0.8602349505327469,0.2939581005157797,1.0,0.5842597681805772,0.0,1.0
0.0,0.7783290437919219,1.0,1.0,0.2899243296616093,1.0,1.0,0.40010016062237225,1.0
0.0,0.7946177749843741,1.0,1.0,0.2938040564957216,1.0,0.8921289676498223,0.9716370789042472,1.0
0.0,0.0,0.8358614271432321,0.8162042561717728,0.2915996572824108,1.0,0.8150607775718768,0.11180840440387269,1.0
0.0,0.8509834831862713,0.7807859284212049,0.4276361816960801,0.29116266341878194,1.0,0.612881685771208,0.3322032805377986,1.0
0.0,1.0,1.0,0.9572317656794103,0.2911822530764256,1.0,0.8849609003055547,0.6168288859625106,1.0
0.0,0.0,0.7331724350291015,0.7291069074430155,0.29351933032341904,1.0,0.8799717939166634,0.0,1.0
0.0,0.0,0.0,0.0,0.28772999827621026,1.0,0.0,0.0,0.0
1.0,0.0,0.0,0.0,0.2880124999075573,1.0,0.0,0.0,0.0
1.0,0.0,0.0,0.0,0.2877706388070611,1.0,0.0,0.0,0.0
1.0,0.0,0.0,0.0,0.2878440464608054,1.0,0.0,0.0,0.0
0.0,0.0,0.0,0.0,0.28752636859955844,1.0,0.0,0.0,0.0
0.0,0.0,0.026144542310950813,0.31872885565622666,0.29628826351483667,1.0,1.0,0.24032328888373294,1.0
0.0,0.0,0.0,0.0,0.2978972557076395,1.0,1.0,0.0,1.0
0.0,1.0,0.0,0.0,0.297598582961817,1.0,1.0,0.0,1.0
0.0,0.0,0.6139841945985258,1.0,0.29545696925444204,1.0,1.0,0.4324136420389833,1.0
0.0,0.14163637841067217,1.0,1.0,0.2971925650586543,1.0,0.41884507788718023,1.0,1.0
0.0,1.0,0.0,0.0,0.29617742862352237,1.0,1.0,0.0,1.0
0.0,0.0,0.0,0.09177419369190848,0.29706963472388676,1.0,0.8209406990100164,0.040239542116040194,1.0
0.0,0.5690043191286294,1.0,1.0,0.2957499492032493,1.0,0.11853948997696179,1.0,1.0
0.0,1.0,1.0,1.0,0.2961562456660143,1.0,0.8178942489313998,1.0,1.0
0.0,1.0,1.0,1.0,0.2965727616456478,1.0,1.0,0.8019109231060172,1.0
0.0,1.0,0.0,0.0,0.29548358420274107,1.0,1.0,0.0,1.0
0.0,0.061271557432363344,0.25307675374626254,0.6176240511621557,0.296565970684464,1.0,0.8264488465988016,0.0,1.0
0.0,1.0,0.5263859410240047,0.4838335773023793,0.2962625801042294,1.0,1.0,0.860498165010238,1.0
0.0,0.0,1.0,1.0,0.2947734728359656,1.0,0.4520169302618172,1.0,1.0
0.0,0.5690043191286294,0.7518661160857123,0.26081152049506107,0.29571295992124647,1.0,0.6131396401462924,1.0,1.0
0.0,0.061271557432363344,0.0,0.0,0.2966956063964406,1.0,0.7487133132751622,0.0,1.0
0.0,1.0,0.25458772376540306,0.07324738184515267,0.29775961091966474,1.0,0.0,0.41847166536150593,1.0
0.0,0.4255111814173143,1.0,1.0,0.2965943310761816,1.0,1.0,1.0,1.0
0.0,1.0,0.49174591917855237,0.0,0.297942553187026,1.0,1.0,0.8756780194550791,1.0
0.0,0.0,1.0,1.0,0.2968596102096586,1.0,1.0,1.0,1.0
0.0,1.0,0.5853254701645823,0.8626711401850284,0.2973782581677051,1.0,0.0,0.41090794267793956,1.0
0.0,1.0,0.6868928402049156,1.0,0.29632558744202053,1.0,0.4152372819733747,0.43524441499465955,1.0
0.0,0.0,0.0,0.3702696397763204,0.2973744548225012,1.0,1.0,0.0,1.0
0.0,0.0,0.6986568855705103,1.0,0.297452987020231,1.0,0.7379197082809618,0.2431089985956748,1.0
0.0,0.0,0.0,0.0,0.29554727814090104,1.0,0.40479969627547213,0.0,1.0
0.0,0.0,0.0,0.0,0.29316598874652644,1.0,0.0,0.0,0.0
0.0,0.0,0.0,0.0,0.2934925260980116,1.0,0.0,0.0,0.0
0.0,0.0,0.0,0.0,0.2933617886656961,1.0,0.0,0.0,0.0
0.0,0.0,0.0,0.0,0.2932086450636274,1.0,0.0,0.0,0.0
0.0,0.0,0.0,0.0,0.29324375755450455,1.0,0.0,0.0,0.0
0.0,1.0,1.0,1.0,0.2987106295581862,1.0,1.0,1.0,1.0
0.0,0.07827324768860572,1.0,1.0,0.29912459564675425,1.0,0.979346734969214,1.0,1.0
0.0,1.0,1.0,1.0,0.30149650121827964,1.0,0.368832843911113,1.0,1.0
0.0,1.0,0.7977355262618835,0.4080617745036537,0.299173025082617,1.0,1.0,0.5360917638582258,1.0
1.0,0.0,1.0,1.0,0.29966489043126904,1.0,0.6290369422268256,1.0,1.0
0.0,1.0,1.0,1.0,0.30113650647258733,1.0,0.7199661212678655,0.3721926970533619,1.0
0.0,0.38306651965740873,1.0,0.9217394006823689,0.3001383541959968,1.0,0.0,0.8167569686500498,1.0
0.0,0.8714177693514693,0.06386521441978821,0.0,0.30018119495854517,1.0,1.0,0.0,1.0
0.0,0.0,1.0,1.0,0.29937997317630566,1.0,0.4096138385864515,1.0,1.0
0.0,0.8331728260561369,1.0,1.0,0.3005736966622809,1.0,0.7519749953926957,0.4473912455038243,1.0
0.0,0.0,0.0,0.0,0.3010245297502175,1.0,1.0,0.0,1.0
0.0,0.0,0.6564285877133327,0.2561655034404957,0.3010236368343857,1.0,1.0,0.6659969132288625,1.0
0.0,0.0,1.0,1.0,0.2997247789100648,1.0,0.6565722284258829,1.0,1.0
0.0,1.0,1.0,1.0,0.30004798052342513,1.0,0.0,1.0,1.0
0.0,1.0,0.0,0.0,0.30139453540380895,1.0,0.04916262286825179,0.0,1.0
0.0,0.0,0.47235216742039293,0.5150512051195317,0.3001158832650042,1.0,1.0,0.11480761967045611,1.0
0.0,0.15431318882868378,1.0,1.0,0.3010034930395703,1.0,0.28214896954717483,1.0,1.0
0.0,1.0,1.0,1.0,0.3009682010561077,1.0,1.0,1.0,1.0
0.0,0.0,1.0,1.0,0.300174512317898,1.0,0.671792338585997,1.0,1.0
0.0,0.07827324768860572,1.0,0.8227644034577795,0.2997116102912281,1.0,0.15475204376762774,1.0,1.0
0.0,0.0,1.0,1.0,0.29935590654315103,1.0,0.18395972494296875,1.0,1.0
0.0,0.0,0.0,0.0,0.30041491637463463,1.0,1.0,0.0,1.0
0.0,1.0,0.3199064776034817,0.0,0.30022652790845383,1.0,1.0,0.6337412053099385,1.0
0.0,0.0,0.48886343581291947,0.0,0.30150077933730707,1.0,0.9670584050628408,0.4762783137811958,1.0
1.0,0.15431318882868378,1.0,1.0,0.30071127967977124,1.0,0.3310694134841889,1.0,1.0
0.0,0.0,0.0,0.0,0.29446140996482284,1.0,0.0,0.0,0.0
0.35032048232298457,0.0,0.0,0.0,0.29511427415568214,1.0,0.0,0.0,0.0
1.0,0.0,0.0,0.0,0.29503627287315737,1.0,0.0,0.0,0.0
0.0,0.0,0.0,0.0,0.2950817087864463,1.0,0.0,0.0,0.0
0.0,0.0,0.0,0.0,0.29480851529532104,1.0,0.0,0.0,0.0
0.0,0.0,0.5135159608655849,0.9137264623807295,0.30433397873661516,1.0,1.0,0.20121284958388702,1.0
0.0,0.06109008775543118,1.0,1.0,0.30062474443270526,1.0,0.3410375120599448,0.9773576390649548,1.0
0.0,0.8049561181984272,1.0,1.0,0.3012015234633116,1.0,0.19674849688980778,0.9564664930794691,1.0
0.0,0.0,0.0,0.0,0.30395041044402704,1.0,1.0,0.0,1.0
0.0,0.2841777678888299,0.5453308694494449,1.0,0.30452747167348493,1.0,0.8975709314160589,0.0,1.0
0.0,0.0,1.0,1.0,0.3038129451923448,1.0,0.7061835886121183,1.0,1.0
0.0,0.21762337921511604,1.0,1.0,0.3036662586202947,1.0,0.5564759318686611,1.0,1.0
0.0,0.0,0.3180313421714509,0.9057585093264906,0.30379018062843943,1.0,1.0,0.0,1.0
0.0,0.0,1.0,1.0,0.30426945066540867,1.0,1.0,0.21110281514511448,1.0
0.0,0.0,1.0,1.0,0.30101245588931325,1.0,0.889584911624361,1.0,1.0
0.0,0.0,1.0,1.0,0.3019188023645688,1.0,0.9835303507209929,1.0,1.0
0.0,1.0,1.0,1.0,0.3055507054301798,1.0,1.0,1.0,1.0
0.0,0.0,1.0,0.7402364935904879,0.30321594758198545,1.0,0.9262972767588531,1.0,1.0
0.0,0.6632860077043836,0.6515031116336905,1.0,0.3020011207924829,1.0,1.0,0.5044291562528538,1.0
0.0,1.0,0.6179833593600756,0.9464942074942803,0.3032767239656521,1.0,0.0,0.14864186955755088,1.0
0.0,0.0,1.0,1.0,0.30320816806013956,1.0,1.0,1.0,1.0
0.0,0.0,0.5662883678780428,0.8220064163276684,0.3046493548291421,1.0,1.0,0.2981411380412694,1.0
0.0,0.0,0.9710773555204857,1.0,0.3025191149446695,1.0,0.889418671903443,0.7187708299331266,1.0
0.0,0.5637523719377439,0.5160551272255773,0.6842070746261271,0.30364976709180813,1.0,1.0,0.3367835340295835,1.0
0.0,0.0,0.0,0.0,0.3049044822588391,1.0,1.0,0.0,1.0
0.0,0.3084396033705339,1.0,1.0,0.3053573020887758,1.0,0.8557365934838064,0.0,1.0
0.0,0.0,0.7100289885707319,1.0,0.3031396953841068,1.0,1.0,0.0,1.0
0.0,0.09062069015446811,0.1052367070124064,0.2397456315458168,0.30383239256525635,1.0,1.0,0.03834073785519926,1.0
0.0,0.21762337921511604,1.0,1.0,0.30454125828674294,1.0,1.0,1.0,1.0
0.0,0.0,0.6590239927834923,1.0,0.30256161850380286,1.0,1.0,0.02385691025719089,1.0
