pkSeqID,flgs,proto,sport,dport,pkts,bytes,state,seq,dur,mean,stddev,sum,min,max,spkts,dpkts,sbytes,dbytes,rate,srate,drate,TnBPsrcIP,TnBPDstIP,TnPPSrcIP,TnPPDstIP,TnPPerProto,TnPPerDport,avgPD,attack,category,subcategory 
66071,1,5,771.0,1216.0,1,70,6,1597,0.0,0.0,0.0,0.0,0.0,0.0,1,0,70,0,0.0,0.0,0.0,668,1746,8,15,13,2,0.0,0,3,3
1142503,1,5,771.0,1216.0,1,70,6,14069,0.0,0.0,0.0,0.0,0.0,0.0,1,0,70,0,0.0,0.0,0.0,2276,616,16,4,12,4,0.0,0,3,3
66855,1,5,771.0,33538.0,1,70,6,2428,0.0,0.0,0.0,0.0,0.0,0.0,1,0,70,0,0.0,0.0,0.0,1626,3132,13,24,16,7,0.0,0,3,3
799073,1,2,10106.0,7576.0,2,120,5,16,5.3e-05,5.3e-05,0.0,5.3e-05,5.3e-05,5.3e-05,1,1,60,60,18867.92383,0.0,0.0,1895135,2837214,22899,35074,34042,4,37735.84906,0,3,3
1120151,1,2,10899.0,8715.0,2,120,5,3628,5.3e-05,5.3e-05,0.0,5.3e-05,5.3e-05,5.3e-05,1,1,60,60,18867.92383,0.0,0.0,1890795,2819494,22418,35752,31377,2,37735.84906,0,3,3
1122556,1,2,12259.0,9889.0,2,120,5,1872,6.7e-05,6.7e-05,0.0,6.7e-05,6.7e-05,6.7e-05,1,1,60,60,14925.37305,0.0,0.0,1956770,2826997,23439,35578,32126,2,29850.74627,0,3,3
480824,1,2,12906.0,11818.0,2,120,5,3429,5.8e-05,5.8e-05,0.0,5.8e-05,5.8e-05,5.8e-05,1,1,60,60,17241.37891,0.0,0.0,1935532,2828420,23396,35818,31930,2,34482.75862,0,3,3
481099,1,2,13790.0,11890.0,2,120,5,3718,5.2e-05,5.2e-05,0.0,5.2e-05,5.2e-05,5.2e-05,1,1,60,60,19230.76953,0.0,0.0,1907793,2841511,22563,35385,32959,6,38461.53846,0,3,3
31700,1,2,1822.0,920.0,5,300,5,3034,0.004915,0.004915,0.0,0.004915,0.004915,0.004915,2,3,120,180,813.835205,203.458801,406.917603,1920803,2821816,22919,35379,32529,2,1017.293998,0,3,3
31707,1,2,1822.0,935.0,5,300,5,3041,0.005275,0.005275,0.0,0.005275,0.005275,0.005275,2,3,120,180,758.293884,189.573471,379.146942,1916537,2831275,22742,35379,32922,2,947.8672986,0,3,3
24177,1,2,2262.0,1.0,2,120,5,253,5e-05,5e-05,0.0,5e-05,5e-05,5e-05,1,1,60,60,20000.0,0.0,0.0,1916877,2824778,22917,34761,34353,16,40000.0,0,3,3
48736,1,2,2383.0,33844.0,2,134,5,20476,0.0,1.2e-05,1.2e-05,2.4e-05,0.0,2.4e-05,2,0,134,0,0.0,0.0,0.0,1566,1292,12,9,31875,4,0.0,0,3,3
1099256,1,2,2387.0,17.0,2,120,5,279702,6.4e-05,6.4e-05,0.0,6.4e-05,6.4e-05,6.4e-05,1,1,60,60,15625.0,0.0,0.0,1933256,2840847,23219,35750,32377,8,31250.0,0,3,3
782481,1,2,2432.0,1319.0,2,120,5,2667,7.8e-05,7.8e-05,0.0,7.8e-05,7.8e-05,7.8e-05,1,1,60,60,12820.51367,0.0,0.0,1934576,2823628,23036,35807,31487,5,25641.02564,0,3,3
778138,1,2,2579.0,49.0,2,120,5,278869,5e-05,5e-05,0.0,5e-05,5e-05,5e-05,1,1,60,60,20000.0,0.0,0.0,1952816,2818074,23499,35791,31634,2,40000.0,0,3,3
24094,1,2,2616.0,1.0,2,120,5,164,5.5e-05,5.5e-05,0.0,5.5e-05,5.5e-05,5.5e-05,1,1,60,60,18181.81836,0.0,0.0,1848196,2833921,21941,34784,34304,11,36363.63636,0,3,3
28387,1,2,2974.0,1.0,2,120,5,4692,3.1e-05,3.1e-05,0.0,3.1e-05,3.1e-05,3.1e-05,1,1,60,60,32258.06445,0.0,0.0,1917245,2850964,22841,35625,32805,10,64516.12903,0,3,3
1101526,1,2,3506.0,1322.0,2,120,5,2032,5.2e-05,5.2e-05,0.0,5.2e-05,5.2e-05,5.2e-05,1,1,60,60,19230.76953,0.0,0.0,1892984,2828138,22732,35039,33304,7,38461.53846,0,3,3
1391801,1,2,35063.0,16501.0,2,120,5,248027,0.016778,0.016778,0.0,0.016778,0.016778,0.016778,1,1,60,60,59.60186,0.0,0.0,1913424,2841285,23181,35900,31574,5,119.2037192,0,3,3
1341865,1,2,35063.0,7366.0,2,120,5,198090,0.05516,0.05516,0.0,0.05516,0.05516,0.05516,1,1,60,60,18.129078,0.0,0.0,1892188,2824472,22785,35410,32451,4,36.25815809,0,3,3
1361216,1,2,35063.0,31218.0,2,120,5,217441,0.056991,0.056991,0.0,0.056991,0.056991,0.056991,1,1,60,60,17.546631,0.0,0.0,1884575,2788220,22767,34972,32373,10,35.09326034,0,3,3
1278002,1,2,35063.0,23882.0,2,120,5,134226,0.015466,0.015466,0.0,0.015466,0.015466,0.015466,1,1,60,60,64.657959,0.0,0.0,1913451,2807832,23098,35352,32416,4,129.3159188,0,3,3
1387384,1,2,35063.0,12952.0,2,120,5,243609,0.010267,0.010267,0.0,0.010267,0.010267,0.010267,1,1,60,60,97.399437,0.0,0.0,1923880,2815971,23291,35314,32469,2,194.7988702,0,3,3
1370255,1,2,35063.0,48831.0,2,120,5,226480,0.024591,0.024591,0.0,0.024591,0.024591,0.024591,1,1,60,60,40.665283,0.0,0.0,1896115,2813111,22883,35213,32826,2,81.33056809,0,3,3
1267110,1,2,35063.0,54572.0,2,120,5,123334,0.017186,0.017186,0.0,0.017186,0.017186,0.017186,1,1,60,60,58.186901,0.0,0.0,1918872,2822273,23299,35388,32748,3,116.3737926,0,3,3
1276216,1,2,35063.0,49303.0,2,120,5,132440,0.021469,0.021469,0.0,0.021469,0.021469,0.021469,1,1,60,60,46.578785,0.0,0.0,1912322,2835285,23098,35339,32844,3,93.15757604,0,3,3
1254641,1,2,35063.0,36536.0,2,120,5,110864,0.027512,0.027512,0.0,0.027512,0.027512,0.027512,1,1,60,60,36.347775,0.0,0.0,1914680,2824898,22912,35229,33143,6,72.69555103,0,3,3
1406634,1,2,35063.0,43380.0,2,120,5,262860,0.008353,0.008353,0.0,0.008353,0.008353,0.008353,1,1,60,60,119.717476,0.0,0.0,1888735,2816759,22739,34772,34180,3,239.4349336,0,3,3
1303495,1,2,35063.0,57744.0,2,120,5,159720,0.016765,0.016765,0.0,0.016765,0.016765,0.016765,1,1,60,60,59.648075,0.0,0.0,1869034,2853288,22501,34940,34778,1,119.2961527,0,3,3
51962,1,2,35178.0,10025.0,2,134,5,23697,0.00138,0.00138,0.0,0.00138,0.00138,0.00138,1,1,74,60,724.637695,0.0,0.0,1860638,1998320,22221,22190,32973,1,1449.275362,0,3,3
1430846,1,2,35216.0,80.0,9,1615,5,287103,0.005221,0.005221,0.0,0.005221,0.005221,0.005221,5,4,855,760,1532.27356,766.13678,574.6026,1900241,2808912,22854,35525,31707,90160,1723.8077,0,3,3
1432254,1,2,36638.0,80.0,10,1675,5,288511,0.000415,0.000415,0.0,0.000415,0.000415,0.000415,6,4,915,760,21686.74805,12048.19336,7228.916016,1911510,2842988,23071,35734,32408,89623,24096.38554,0,3,3
1428540,1,2,38846.0,80.0,10,1675,5,284797,0.000477,0.000477,0.0,0.000477,0.000477,0.000477,6,4,915,760,18867.92383,10482.18066,6289.308105,1858535,2832008,21949,35760,31895,90012,20964.36059,0,3,3
1102670,1,2,3885.0,1701.0,2,120,5,3250,7.7e-05,7.7e-05,0.0,7.7e-05,7.7e-05,7.7e-05,1,1,60,60,12987.01367,0.0,0.0,1860045,2842728,22195,35474,33229,2,25974.02597,0,3,3
8603,1,1,39704.0,776.0,1,60,2,8853,0.0,0.0,0.0,0.0,0.0,0.0,1,0,60,0,0.0,0.0,0.0,1896905,2859322,22952,35588,57732,5,0.0,0,3,3
652869,1,2,40081.0,49329.0,2,120,5,153553,0.057333,0.057333,0.0,0.057333,0.057333,0.057333,1,1,60,60,17.441961,0.0,0.0,1934116,2838676,23469,35901,31907,4,34.88392374,0,3,3
734717,1,2,40081.0,21945.0,2,120,5,235402,0.043703,0.043703,0.0,0.043703,0.043703,0.043703,1,1,60,60,22.881723,0.0,0.0,1920302,2832035,23247,35772,31766,2,45.76344873,0,3,3
640790,1,2,40081.0,57618.0,2,120,5,141474,0.051367,0.051367,0.0,0.051367,0.051367,0.051367,1,1,60,60,19.467752,0.0,0.0,1928320,2820262,23227,35705,31973,5,38.93550334,0,3,3
734421,1,2,40081.0,38813.0,2,120,5,235106,0.039243,0.039243,0.0,0.039243,0.039243,0.039243,1,1,60,60,25.48225,0.0,0.0,1907070,2836804,22925,35704,32257,2,50.96450322,0,3,3
627215,1,2,40081.0,41962.0,2,120,5,127898,0.037241,0.037241,0.0,0.037241,0.037241,0.037241,1,1,60,60,26.852125,0.0,0.0,1913315,2825307,22946,35541,32231,16,53.70425069,0,3,3
663085,1,2,40081.0,5728.0,2,120,5,163769,0.025303,0.025303,0.0,0.025303,0.025303,0.025303,1,1,60,60,39.521004,0.0,0.0,1914648,2826618,23095,35600,32242,5,79.04201083,0,3,3
545160,1,2,40081.0,48280.0,2,120,5,45842,0.00147,0.00147,0.0,0.00147,0.00147,0.00147,1,1,60,60,680.272095,0.0,0.0,1905577,2825653,22945,35404,32810,7,1360.544218,0,3,3
580874,1,2,40081.0,65524.0,2,120,5,81556,0.001759,0.001759,0.0,0.001759,0.001759,0.001759,1,1,60,60,568.504822,0.0,0.0,1886543,2845549,22661,35462,33021,1,1137.009665,0,3,3
588924,1,2,40081.0,41684.0,2,120,5,89606,0.013347,0.013347,0.0,0.013347,0.013347,0.013347,1,1,60,60,74.923203,0.0,0.0,1890613,2822725,22837,35023,33531,6,149.8464074,0,3,3
713974,1,2,40081.0,2563.0,2,120,5,214659,0.04183,0.04183,0.0,0.04183,0.04183,0.04183,1,1,60,60,23.906288,0.0,0.0,1895384,2840014,22824,35044,34113,4,47.81257471,0,3,3
713943,1,2,40081.0,60065.0,2,120,5,214628,0.047192,0.047192,0.0,0.047192,0.047192,0.047192,1,1,60,60,21.190033,0.0,0.0,1869412,2850899,22648,35064,34298,6,42.38006442,0,3,3
700374,1,2,40081.0,6890.0,2,120,5,201059,0.028262,0.028262,0.0,0.028262,0.028262,0.028262,1,1,60,60,35.383198,0.0,0.0,1895135,2844176,22857,34912,34495,4,70.76640011,0,3,3
531503,1,2,40081.0,31154.0,2,120,5,32185,0.000832,0.000832,0.0,0.000832,0.000832,0.000832,1,1,60,60,1201.923096,0.0,0.0,1850110,2827977,22311,34982,33916,4,2403.846154,0,3,3
1085561,1,2,40084.0,1880.0,8,794,3,265978,0.00038,0.00038,0.0,0.00038,0.00038,0.00038,4,4,522,272,18421.05273,7894.736816,7894.736816,1952264,2825751,23199,35427,32657,12,21052.63158,0,3,3
1134111,1,2,40580.0,3800.0,2,120,5,5371,0.00028,0.00028,0.0,0.00028,0.00028,0.00028,1,1,60,60,3571.428467,0.0,0.0,1951752,2838424,23595,35898,31647,2,7142.857143,0,3,3
1133688,1,2,40580.0,17.0,2,120,5,4948,0.00032,0.00032,0.0,0.00032,0.00032,0.00032,1,1,60,60,3125.0,0.0,0.0,1889210,2823009,22826,34982,33564,10,6250.0,0,3,3
1134521,1,2,40580.0,27352.0,2,120,5,5781,7.6e-05,7.6e-05,0.0,7.6e-05,7.6e-05,7.6e-05,1,1,60,60,13157.89551,0.0,0.0,1864254,2830497,22440,34605,34762,6,26315.78947,0,3,3
1449117,1,2,40668.0,80.0,10,1675,5,305484,0.000718,0.000718,0.0,0.000718,0.000718,0.000718,6,4,915,760,12534.81934,6963.788574,4178.272949,1937415,2819415,22998,35689,31689,90094,13927.5766,0,3,3
491227,1,1,40726.0,514.0,1,60,2,9508,0.0,0.0,0.0,0.0,0.0,0.0,1,0,60,0,0.0,0.0,0.0,1955919,2834374,23275,35168,57017,5,0.0,0,3,3
175245,1,2,40850.0,36819.0,2,120,5,18537,2.5e-05,2.5e-05,0.0,2.5e-05,2.5e-05,2.5e-05,1,1,60,60,40000.0,0.0,0.0,1953935,2819319,23253,36041,30865,7,80000.0,0,3,3
167976,1,2,40850.0,55342.0,2,120,5,11268,1.7e-05,1.7e-05,0.0,1.7e-05,1.7e-05,1.7e-05,1,1,60,60,58823.52734,0.0,0.0,1943909,2814529,23112,35884,31110,2,117647.0588,0,3,3
176975,1,2,40850.0,14297.0,2,120,5,20267,0.000212,0.000212,0.0,0.000212,0.000212,0.000212,1,1,60,60,4716.980957,0.0,0.0,1938123,2822404,22958,35737,31702,2,9433.962264,0,3,3
164286,1,2,40850.0,1117.0,2,120,5,7578,0.002287,0.002287,0.0,0.002287,0.002287,0.002287,1,1,60,60,437.254059,0.0,0.0,1942327,2832164,23094,35937,31941,3,874.5080892,0,3,3
250148,1,2,40850.0,27015.0,2,120,5,93440,0.037501,0.037501,0.0,0.037501,0.037501,0.037501,1,1,60,60,26.665956,0.0,0.0,1930298,2809680,23051,35318,32535,2,53.33191115,0,3,3
259033,1,2,40850.0,42783.0,2,120,5,102325,0.032194,0.032194,0.0,0.032194,0.032194,0.032194,1,1,60,60,31.061689,0.0,0.0,1914411,2815943,22939,35382,32489,2,62.12337703,0,3,3
220520,1,2,40850.0,1175.0,2,120,5,63812,0.025737,0.025737,0.0,0.025737,0.025737,0.025737,1,1,60,60,38.854565,0.0,0.0,1922698,2843744,23100,35770,32760,10,77.70913471,0,3,3
295415,1,2,40850.0,40528.0,2,120,5,138707,0.049809,0.049809,0.0,0.049809,0.049809,0.049809,1,1,60,60,20.076693,0.0,0.0,1926928,2816407,23052,35287,32960,4,40.15338593,0,3,3
293673,1,2,40850.0,39433.0,2,120,5,136965,0.04644,0.04644,0.0,0.04644,0.04644,0.04644,1,1,60,60,21.533161,0.0,0.0,1927960,2838894,22981,35038,33969,6,43.06632214,0,3,3
275118,1,2,40850.0,8380.0,2,120,5,118410,0.022137,0.022137,0.0,0.022137,0.022137,0.022137,1,1,60,60,45.173241,0.0,0.0,1899851,2834566,22616,34885,34367,3,90.34647875,0,3,3
1130232,1,2,40996.0,9594.0,2,134,5,1489,1.8e-05,1.8e-05,0.0,1.8e-05,1.8e-05,1.8e-05,1,1,74,60,55555.55469,0.0,0.0,1902596,2856631,22568,35167,34255,6,111111.1111,0,3,3
60756,1,1,41433.0,5003.0,1,60,2,32688,0.0,0.0,0.0,0.0,0.0,0.0,1,0,60,0,0.0,0.0,0.0,1868447,1980643,22053,21782,58883,8,0.0,0,3,3
59964,1,1,41433.0,54094.0,1,60,2,31727,0.0,0.0,0.0,0.0,0.0,0.0,1,0,60,0,0.0,0.0,0.0,1821538,1966470,21797,21800,55500,7,0.0,0,3,3
1042361,1,2,41607.0,64496.0,2,120,5,222769,0.033047,0.033047,0.0,0.033047,0.033047,0.033047,1,1,60,60,30.259932,0.0,0.0,1896602,2805087,22917,35715,30953,2,60.51986565,0,3,3
1016239,1,2,41607.0,33483.0,2,120,5,196646,0.053384,0.053384,0.0,0.053384,0.053384,0.053384,1,1,60,60,18.732204,0.0,0.0,1919586,2831674,22946,36125,31074,2,37.46440881,0,3,3
951792,1,2,41607.0,13683.0,2,120,5,132198,0.051637,0.051637,0.0,0.051637,0.051637,0.051637,1,1,60,60,19.365957,0.0,0.0,1908101,2831769,23043,36040,31195,7,38.73191704,0,3,3
999513,1,2,41607.0,53994.0,2,120,5,179920,0.048917,0.048917,0.0,0.048917,0.048917,0.048917,1,1,60,60,20.442791,0.0,0.0,1931986,2825012,23265,35768,31278,6,40.8855817,0,3,3
1045435,1,2,41607.0,4653.0,2,120,5,225843,0.03907,0.03907,0.0,0.03907,0.03907,0.03907,1,1,60,60,25.595087,0.0,0.0,1950347,2852903,23593,36358,31432,2,51.19017149,0,3,3
996335,1,2,41607.0,37784.0,2,120,5,176742,0.057995,0.057995,0.0,0.057995,0.057995,0.057995,1,1,60,60,17.242867,0.0,0.0,1931748,2836753,23215,35859,31766,5,34.48573153,0,3,3
890210,1,2,41607.0,15849.0,2,120,5,70616,0.003914,0.003914,0.0,0.003914,0.003914,0.003914,1,1,60,60,255.493103,0.0,0.0,1925935,2837357,23247,35914,31730,6,510.9862034,0,3,3
933849,1,2,41607.0,60377.0,2,120,5,114255,0.017089,0.017089,0.0,0.017089,0.017089,0.017089,1,1,60,60,58.517174,0.0,0.0,1929298,2804519,23239,35369,32023,2,117.0343496,0,3,3
903836,1,2,41607.0,17991.0,2,120,5,84242,0.02742,0.02742,0.0,0.02742,0.02742,0.02742,1,1,60,60,36.46973,0.0,0.0,1921102,2817761,23111,35494,32148,2,72.93946025,0,3,3
1007989,1,2,41607.0,2549.0,2,120,5,188396,0.05924,0.05924,0.0,0.05924,0.05924,0.05924,1,1,60,60,16.880487,0.0,0.0,1896770,2831354,22900,35681,32281,2,33.76097232,0,3,3
1036962,1,2,41607.0,9451.0,2,120,5,217370,0.066159,0.066159,0.0,0.066159,0.066159,0.066159,1,1,60,60,15.115101,0.0,0.0,1891570,2827755,22806,35384,33064,6,30.230203,0,3,3
1055516,1,2,41607.0,49324.0,2,120,5,235924,0.030592,0.030592,0.0,0.030592,0.030592,0.030592,1,1,60,60,32.688286,0.0,0.0,1898474,2844993,22851,35398,32915,6,65.37656904,0,3,3
977399,1,2,41607.0,31695.0,2,120,5,157806,0.034066,0.034066,0.0,0.034066,0.034066,0.034066,1,1,60,60,29.354782,0.0,0.0,1865848,2822726,22587,34834,33932,6,58.70956379,0,3,3
890519,1,2,41607.0,11334.0,2,120,5,70925,0.002047,0.002047,0.0,0.002047,0.002047,0.002047,1,1,60,60,488.519775,0.0,0.0,1881718,2848637,22753,35145,34035,6,977.0395701,0,3,3
1039531,1,2,41607.0,30385.0,2,120,5,219939,0.05138,0.05138,0.0,0.05138,0.05138,0.05138,1,1,60,60,19.462826,0.0,0.0,1909662,2851602,23111,35007,34400,6,38.925652,0,3,3
958886,1,2,41607.0,22438.0,2,120,5,139292,0.04585,0.04585,0.0,0.04585,0.04585,0.04585,1,1,60,60,21.810249,0.0,0.0,1880415,2855768,22629,34906,34491,9,43.62050164,0,3,3
17325,1,2,41776.0,25.0,19,1988,3,17935,0.965601,0.965601,0.0,0.965601,0.965601,0.965601,11,8,854,1134,18.641239,10.356244,7.249371,1894497,2840746,22876,35154,33473,9,19.67686446,0,3,3
71368,1,2,42052.0,30951.0,2,120,5,7055,0.003565,0.003565,0.0,0.003565,0.003565,0.003565,1,1,60,60,280.504913,0.0,0.0,1914271,1968427,22685,21677,33506,4,561.0098177,0,3,3
1083522,1,2,42282.0,1883.0,6,662,5,263937,0.000122,0.000122,0.0,0.000122,0.000122,0.000122,3,3,456,206,40983.60547,16393.44336,16393.44336,1908714,2834467,22882,34970,34188,10,49180.32787,0,3,3
842375,1,2,42640.0,16599.0,2,120,5,22781,0.000445,0.000445,0.0,0.000445,0.000445,0.000445,1,1,60,60,2247.190918,0.0,0.0,1974550,2834967,23501,36077,30878,10,4494.382022,0,3,3
843480,1,2,42640.0,54845.0,2,120,5,23886,0.000507,0.000507,0.0,0.000507,0.000507,0.000507,1,1,60,60,1972.386475,0.0,0.0,1938564,2811774,23124,35910,31173,2,3944.773176,0,3,3
844798,1,2,42640.0,49341.0,2,120,5,25204,0.000743,0.000743,0.0,0.000743,0.000743,0.000743,1,1,60,60,1345.89502,0.0,0.0,1931539,2846105,22878,36187,31316,4,2691.79004,0,3,3
867499,1,2,42640.0,65334.0,2,120,5,47905,0.010143,0.010143,0.0,0.010143,0.010143,0.010143,1,1,60,60,98.590164,0.0,0.0,1966414,2815651,23297,35758,31410,10,197.1803214,0,3,3
885584,1,2,42640.0,5705.0,2,120,5,65990,0.002679,0.002679,0.0,0.002679,0.002679,0.002679,1,1,60,60,373.273621,0.0,0.0,1950057,2818291,23184,35804,31577,2,746.5472191,0,3,3
973814,1,2,42640.0,43235.0,2,120,5,154221,0.023509,0.023509,0.0,0.023509,0.023509,0.023509,1,1,60,60,42.536903,0.0,0.0,1955032,2842487,23382,35957,31613,2,85.07380152,0,3,3
1007638,1,2,42640.0,39324.0,2,120,5,188045,0.053488,0.053488,0.0,0.053488,0.053488,0.053488,1,1,60,60,18.695782,0.0,0.0,1970341,2825822,23381,35607,31880,9,37.39156446,0,3,3
932206,1,2,42640.0,54270.0,2,120,5,112612,0.023539,0.023539,0.0,0.023539,0.023539,0.023539,1,1,60,60,42.482689,0.0,0.0,1939796,2820840,23078,35571,32282,2,84.96537661,0,3,3
884995,1,2,42640.0,53382.0,2,120,5,65401,0.001649,0.001649,0.0,0.001649,0.001649,0.001649,1,1,60,60,606.428162,0.0,0.0,1951585,2818014,23231,35318,32880,4,1212.856277,0,3,3
851381,1,2,42640.0,16734.0,2,120,5,31787,0.001084,0.001084,0.0,0.001084,0.001084,0.001084,1,1,60,60,922.509216,0.0,0.0,1933820,2831633,23147,35287,33005,5,1845.01845,0,3,3
863873,1,2,42640.0,10291.0,2,120,5,44279,0.011844,0.011844,0.0,0.011844,0.011844,0.011844,1,1,60,60,84.430939,0.0,0.0,1912720,2842485,22860,35249,33535,9,168.861871,0,3,3
937331,1,2,42640.0,15351.0,2,120,5,117737,0.016525,0.016525,0.0,0.016525,0.016525,0.016525,1,1,60,60,60.51437,0.0,0.0,1930690,2817670,22815,35872,31114,7,121.0287443,0,3,3
1451255,1,2,42806.0,80.0,9,1615,5,307623,0.000611,0.000611,0.0,0.000611,0.000611,0.000611,5,4,855,760,13093.29004,6546.64502,4909.983887,1911046,2825943,22737,35029,33576,88854,14729.9509,0,3,3
111071,1,2,43660.0,8008.0,2,134,5,8536,0.001485,0.001485,0.0,0.001485,0.001485,0.001485,1,1,74,60,673.400696,0.0,0.0,1897548,1399667,22860,17477,33565,3,1346.801347,0,3,3
436067,1,2,43934.0,32.0,2,120,5,279375,0.000263,0.000263,0.0,0.000263,0.000263,0.000263,1,1,60,60,3802.281494,0.0,0.0,1950539,2843590,23450,36025,31576,2,7604.562738,0,3,3
1104661,1,2,4545.0,2361.0,2,120,5,5347,6.1e-05,6.1e-05,0.0,6.1e-05,6.1e-05,6.1e-05,1,1,60,60,16393.44336,0.0,0.0,1903788,2844106,22933,35108,33987,7,32786.88525,0,3,3
1251256,1,2,47095.0,42277.0,2,120,5,107479,0.013056,0.013056,0.0,0.013056,0.013056,0.013056,1,1,60,60,76.59314,0.0,0.0,1906655,2808489,22568,35891,31012,2,153.1862745,0,3,3
1308069,1,2,47095.0,6184.0,2,120,5,164294,0.020465,0.020465,0.0,0.020465,0.020465,0.020465,1,1,60,60,48.863914,0.0,0.0,1882793,2813539,22199,35896,31217,4,97.727828,0,3,3
1257279,1,2,47095.0,32122.0,2,120,5,113502,0.031692,0.031692,0.0,0.031692,0.031692,0.031692,1,1,60,60,31.553705,0.0,0.0,1883283,2816005,22260,35694,31327,2,63.10740881,0,3,3
1247418,1,2,47095.0,6088.0,2,120,5,103641,0.011669,0.011669,0.0,0.011669,0.011669,0.011669,1,1,60,60,85.697151,0.0,0.0,1894098,2811155,22450,35500,32030,8,171.3942926,0,3,3
1298074,1,2,47095.0,36928.0,2,120,5,154299,0.055273,0.055273,0.0,0.055273,0.055273,0.055273,1,1,60,60,18.092016,0.0,0.0,1840786,2847021,21845,35821,32042,7,36.18403199,0,3,3
1366413,1,2,47095.0,1169.0,2,120,5,222638,0.029026,0.029026,0.0,0.029026,0.029026,0.029026,1,1,60,60,34.45187,0.0,0.0,1874869,2811583,22185,35552,32273,2,68.90374147,0,3,3
1380700,1,2,47095.0,1340.0,2,120,5,236925,0.047351,0.047351,0.0,0.047351,0.047351,0.047351,1,1,60,60,21.118879,0.0,0.0,1897944,2828802,22468,35473,32460,3,42.23775633,0,3,3
1305853,1,2,47095.0,18783.0,2,120,5,162078,0.015428,0.015428,0.0,0.015428,0.015428,0.015428,1,1,60,60,64.817215,0.0,0.0,1880792,2811008,22403,35133,32748,1,129.6344309,0,3,3
1291734,1,2,47095.0,56312.0,2,120,5,147959,0.033542,0.033542,0.0,0.033542,0.033542,0.033542,1,1,60,60,29.813368,0.0,0.0,1873381,2810057,22149,35105,32945,9,59.62673663,0,3,3
1345730,1,2,47095.0,69.0,2,120,5,201955,0.040159,0.040159,0.0,0.040159,0.040159,0.040159,1,1,60,60,24.90102,0.0,0.0,1878529,2842197,22335,35436,33125,4,49.8020369,0,3,3
1378661,1,2,47095.0,42579.0,2,120,5,234886,0.039079,0.039079,0.0,0.039079,0.039079,0.039079,1,1,60,60,25.589191,0.0,0.0,1868864,2838894,22013,35431,33105,7,51.17838225,0,3,3
1301837,1,2,47095.0,9147.0,2,120,5,158062,0.011974,0.011974,0.0,0.011974,0.011974,0.011974,1,1,60,60,83.514275,0.0,0.0,1850264,2813161,22081,34945,33428,2,167.0285619,0,3,3
1385307,1,2,47095.0,241.0,2,120,5,241532,0.020295,0.020295,0.0,0.020295,0.020295,0.020295,1,1,60,60,49.27322,0.0,0.0,1855572,2828491,21916,34993,34070,5,98.54644001,0,3,3
1223943,1,2,47095.0,19999.0,2,120,5,80166,0.022032,0.022032,0.0,0.022032,0.022032,0.022032,1,1,60,60,45.388527,0.0,0.0,1870514,2841280,22364,34790,34785,7,90.77705156,0,3,3
851341,1,2,47422.0,15412.0,2,120,5,31747,0.000774,0.000774,0.0,0.000774,0.000774,0.000774,1,1,60,60,1291.989624,0.0,0.0,1947966,2829446,23292,36096,30946,2,2583.979328,0,3,3
827272,1,2,47422.0,48385.0,2,120,5,7678,0.00019,0.00019,0.0,0.00019,0.00019,0.00019,1,1,60,60,5263.157715,0.0,0.0,1925369,2800994,22934,35625,31648,2,10526.31579,0,3,3
825926,1,2,47422.0,19252.0,2,120,5,6332,0.000243,0.000243,0.0,0.000243,0.000243,0.000243,1,1,60,60,4115.226074,0.0,0.0,1918293,2822855,22759,35634,31999,1,8230.452675,0,3,3
964447,1,2,47422.0,5030.0,2,120,5,144854,0.050116,0.050116,0.0,0.050116,0.050116,0.050116,1,1,60,60,19.953709,0.0,0.0,1945715,2843010,23072,35846,32196,2,39.9074148,0,3,3
824756,1,2,47422.0,28940.0,2,120,5,5162,7.3e-05,7.3e-05,0.0,7.3e-05,7.3e-05,7.3e-05,1,1,60,60,13698.62988,0.0,0.0,1924071,2824496,22807,35387,32555,6,27397.26027,0,3,3
955285,1,2,47422.0,54890.0,2,120,5,135691,0.04675,0.04675,0.0,0.04675,0.04675,0.04675,1,1,60,60,21.390373,0.0,0.0,1895994,2805341,22541,35145,32581,2,42.78074866,0,3,3
872766,1,2,47422.0,14092.0,2,120,5,53172,0.016366,0.016366,0.0,0.016366,0.016366,0.016366,1,1,60,60,61.102287,0.0,0.0,1920404,2820535,22793,35502,32612,5,122.2045705,0,3,3
851560,1,2,47422.0,48226.0,2,120,5,31966,0.000801,0.000801,0.0,0.000801,0.000801,0.000801,1,1,60,60,1248.439453,0.0,0.0,1945195,2827022,23069,35473,32586,2,2496.878901,0,3,3
963264,1,2,47422.0,50056.0,2,120,5,143671,0.050316,0.050316,0.0,0.050316,0.050316,0.050316,1,1,60,60,19.874395,0.0,0.0,1897940,2829050,22623,35386,32649,1,39.74878766,0,3,3
835991,1,2,47422.0,48472.0,2,120,5,16397,0.000619,0.000619,0.0,0.000619,0.000619,0.000619,1,1,60,60,1615.508911,0.0,0.0,1904065,2840227,22673,35497,33071,4,3231.017771,0,3,3
927225,1,2,47422.0,38710.0,2,120,5,107631,0.043433,0.043433,0.0,0.043433,0.043433,0.043433,1,1,60,60,23.023968,0.0,0.0,1950699,2829392,23329,35139,33058,6,46.0479359,0,3,3
880209,1,2,47422.0,46717.0,2,120,5,60615,0.012644,0.012644,0.0,0.012644,0.012644,0.012644,1,1,60,60,79.08889,0.0,0.0,1939848,2816901,22979,35149,33130,6,158.1777918,0,3,3
914936,1,2,47422.0,10757.0,2,120,5,95342,0.002746,0.002746,0.0,0.002746,0.002746,0.002746,1,1,60,60,364.166077,0.0,0.0,1933574,2822765,22940,35139,33248,4,728.3321194,0,3,3
963313,1,2,47422.0,47508.0,2,120,5,143720,0.045811,0.045811,0.0,0.045811,0.045811,0.045811,1,1,60,60,21.828817,0.0,0.0,1926375,2826294,22983,35139,33345,7,43.65763681,0,3,3
924320,1,2,47422.0,57201.0,2,120,5,104726,0.037203,0.037203,0.0,0.037203,0.037203,0.037203,1,1,60,60,26.879553,0.0,0.0,1902722,2845012,22580,35312,33453,6,53.75910545,0,3,3
857561,1,2,47422.0,23803.0,2,120,5,37967,0.002806,0.002806,0.0,0.002806,0.002806,0.002806,1,1,60,60,356.379181,0.0,0.0,1923590,2835153,22929,35103,33613,3,712.7583749,0,3,3
933498,1,2,47422.0,24811.0,2,120,5,113904,0.018113,0.018113,0.0,0.018113,0.018113,0.018113,1,1,60,60,55.208965,0.0,0.0,1909081,2817724,22955,35032,33768,1,110.4179319,0,3,3
849439,1,2,47422.0,40424.0,2,120,5,29845,0.000645,0.000645,0.0,0.000645,0.000645,0.000645,1,1,60,60,1550.387573,0.0,0.0,1890922,2845548,22640,35206,33829,9,3100.775194,0,3,3
872202,1,2,47422.0,34304.0,2,120,5,52608,0.015821,0.015821,0.0,0.015821,0.015821,0.015821,1,1,60,60,63.207127,0.0,0.0,1899742,2818709,22563,34449,34311,3,126.4142595,0,3,3
946719,1,2,47422.0,18706.0,2,120,5,127125,0.033126,0.033126,0.0,0.033126,0.033126,0.033126,1,1,60,60,30.187767,0.0,0.0,1910511,2812548,22576,35514,32260,4,60.37553583,0,3,3
949417,1,2,47422.0,57928.0,2,120,5,129823,0.034464,0.034464,0.0,0.034464,0.034464,0.034464,1,1,60,60,29.015783,0.0,0.0,1900586,2812277,22649,34792,33746,5,58.03156917,0,3,3
1457905,1,2,47474.0,80.0,9,1615,5,314277,0.001668,0.001668,0.0,0.001668,0.001668,0.001668,5,4,855,760,4796.163086,2398.081543,1798.561157,1941980,2822090,23143,35645,32051,89998,5395.683453,0,3,3
1442036,1,2,47688.0,80.0,10,1675,5,298401,0.000288,0.000288,0.0,0.000288,0.000288,0.000288,6,4,915,760,31249.99805,17361.11133,10416.66602,1946185,2838550,23079,36147,30855,90599,34722.22222,0,3,3
425790,1,2,48808.0,1880.0,8,794,3,269083,0.007719,0.007719,0.0,0.007719,0.007719,0.007719,4,4,522,272,906.85321,388.651398,388.651398,1859940,2817289,22155,34812,33980,17,1036.403679,0,3,3
40917,1,2,48968.0,52822.0,2,120,5,12306,0.004141,0.004141,0.0,0.004141,0.004141,0.004141,1,1,60,60,241.487564,0.0,0.0,1946880,1994526,23083,22074,33383,8,482.9751268,0,3,3
805991,1,2,49694.0,1085.0,2,134,5,3028,1.5e-05,1.5e-05,0.0,1.5e-05,1.5e-05,1.5e-05,1,1,74,60,66666.67188,0.0,0.0,1920783,2813042,22805,35324,32403,19,133333.3333,0,3,3
1078486,1,2,49731.0,5491.0,2,120,5,258894,0.007991,0.007991,0.0,0.007991,0.007991,0.007991,1,1,60,60,125.140785,0.0,0.0,1862077,2831478,22044,36094,31476,2,250.2815668,0,3,3
1019465,1,2,49731.0,52936.0,2,120,5,199872,0.070811,0.070811,0.0,0.070811,0.070811,0.070811,1,1,60,60,14.122099,0.0,0.0,1862316,2812002,22169,35620,32049,2,28.24419935,0,3,3
872486,1,2,49731.0,57587.0,2,120,5,52892,0.018618,0.018618,0.0,0.018618,0.018618,0.018618,1,1,60,60,53.71146,0.0,0.0,1862848,2863706,22089,35881,32610,2,107.4229241,0,3,3
1066245,1,2,49731.0,18037.0,2,120,5,246653,0.037024,0.037024,0.0,0.037024,0.037024,0.037024,1,1,60,60,27.009508,0.0,0.0,1853759,2836509,21986,35534,32638,3,54.01901469,0,3,3
1080805,1,2,49731.0,3309.0,2,120,5,261213,0.01046,0.01046,0.0,0.01046,0.01046,0.01046,1,1,60,60,95.602295,0.0,0.0,1865142,2838064,22124,35644,32801,2,191.2045889,0,3,3
986981,1,2,49731.0,800.0,2,120,5,167388,0.057663,0.057663,0.0,0.057663,0.057663,0.057663,1,1,60,60,17.342142,0.0,0.0,1885259,2841013,22556,35431,33014,6,34.68428628,0,3,3
866469,1,2,49731.0,51495.0,2,120,5,46875,0.011245,0.011245,0.0,0.011245,0.011245,0.011245,1,1,60,60,88.928413,0.0,0.0,1844068,2823535,21919,35078,33299,6,177.8568253,0,3,3
864323,1,2,49731.0,14006.0,2,120,5,44729,0.009598,0.009598,0.0,0.009598,0.009598,0.009598,1,1,60,60,104.18837,0.0,0.0,1875993,2831456,22239,35288,33233,6,208.3767452,0,3,3
1012589,1,2,49731.0,48376.0,2,120,5,192996,0.055363,0.055363,0.0,0.055363,0.055363,0.055363,1,1,60,60,18.062605,0.0,0.0,1858945,2833166,22120,35221,33326,6,36.12520998,0,3,3
1006989,1,2,49731.0,61140.0,2,120,5,187396,0.051943,0.051943,0.0,0.051943,0.051943,0.051943,1,1,60,60,19.251873,0.0,0.0,1851888,2822981,21947,35173,33577,7,38.50374449,0,3,3
954258,1,2,49731.0,2999.0,2,120,5,134664,0.05107,0.05107,0.0,0.05107,0.05107,0.05107,1,1,60,60,19.580967,0.0,0.0,1826145,2843275,21624,35291,33966,4,39.1619346,0,3,3
965199,1,2,49731.0,44466.0,2,120,5,145606,0.038249,0.038249,0.0,0.038249,0.038249,0.038249,1,1,60,60,26.144474,0.0,0.0,1859294,2836853,22031,34933,34128,4,52.28894873,0,3,3
875686,1,2,49731.0,37643.0,2,120,5,56092,0.01375,0.01375,0.0,0.01375,0.01375,0.01375,1,1,60,60,72.727272,0.0,0.0,1863336,2844709,22115,34928,34275,4,145.4545455,0,3,3
863569,1,2,49731.0,30400.0,2,120,5,43975,0.012432,0.012432,0.0,0.012432,0.012432,0.012432,1,1,60,60,80.437584,0.0,0.0,1827811,2847981,21768,34995,34323,3,160.8751609,0,3,3
859069,1,2,49731.0,1285.0,2,120,5,39475,0.003162,0.003162,0.0,0.003162,0.003162,0.003162,1,1,60,60,316.255524,0.0,0.0,1826162,2842521,21802,34992,34451,9,632.5110689,0,3,3
1045812,1,2,49731.0,45589.0,2,120,5,226220,0.033361,0.033361,0.0,0.033361,0.033361,0.033361,1,1,60,60,29.975121,0.0,0.0,1844526,2834382,21981,34763,34727,6,59.9502413,0,3,3
940763,1,2,49731.0,63792.0,2,120,5,121169,0.035311,0.035311,0.0,0.035311,0.035311,0.035311,1,1,60,60,28.319788,0.0,0.0,1845351,2829434,21915,35039,33358,4,56.63957407,0,3,3
85241,1,2,49832.0,5190.0,2,134,5,21618,0.000475,0.000475,0.0,0.000475,0.000475,0.000475,1,1,74,60,2105.263184,0.0,0.0,1967297,1363128,23333,16226,31522,4,4210.526316,0,3,3
1261183,1,2,50428.0,60838.0,2,120,5,117407,0.035602,0.035602,0.0,0.035602,0.035602,0.035602,1,1,60,60,28.08831,0.0,0.0,1931285,2833143,22914,36005,31129,5,56.17661929,0,3,3
1210387,1,2,50428.0,37912.0,2,120,5,66610,0.013574,0.013574,0.0,0.013574,0.013574,0.013574,1,1,60,60,73.67025,0.0,0.0,1944977,2830895,23115,36110,31227,3,147.3405039,0,3,3
1322564,1,2,50428.0,13819.0,2,120,5,178789,0.057268,0.057268,0.0,0.057268,0.057268,0.057268,1,1,60,60,17.461758,0.0,0.0,1973574,2821600,23436,36038,31152,2,34.9235175,0,3,3
1204392,1,2,50428.0,23030.0,2,120,5,60615,0.005927,0.005927,0.0,0.005927,0.005927,0.005927,1,1,60,60,168.719421,0.0,0.0,1959600,2811355,23342,35800,31157,3,337.4388392,0,3,3
1286023,1,2,50428.0,54531.0,2,120,5,142247,0.035571,0.035571,0.0,0.035571,0.035571,0.035571,1,1,60,60,28.112787,0.0,0.0,1946061,2832721,23125,35592,32131,4,56.22557701,0,3,3
1338458,1,2,50428.0,23146.0,2,120,5,194683,0.050032,0.050032,0.0,0.050032,0.050032,0.050032,1,1,60,60,19.987207,0.0,0.0,1942071,2841025,23355,35547,32466,2,39.97441637,0,3,3
1196530,1,2,50428.0,45893.0,2,120,5,52753,0.000272,0.000272,0.0,0.000272,0.000272,0.000272,1,1,60,60,3676.470459,0.0,0.0,1935941,2842882,23078,35684,32792,1,7352.941176,0,3,3
1233754,1,2,50428.0,52765.0,2,120,5,89977,0.014036,0.014036,0.0,0.014036,0.014036,0.014036,1,1,60,60,71.245369,0.0,0.0,1966432,2816931,23384,35312,32872,6,142.4907381,0,3,3
1230968,1,2,50428.0,14445.0,2,120,5,87191,0.028202,0.028202,0.0,0.028202,0.028202,0.028202,1,1,60,60,35.458481,0.0,0.0,1915639,2828643,22780,35423,32893,2,70.91695624,0,3,3
1253152,1,2,50428.0,29462.0,2,120,5,109375,0.029248,0.029248,0.0,0.029248,0.029248,0.029248,1,1,60,60,34.190372,0.0,0.0,1932909,2843282,22968,35567,33022,5,68.38074398,0,3,3
1337353,1,2,50428.0,32352.0,2,120,5,193578,0.055721,0.055721,0.0,0.055721,0.055721,0.055721,1,1,60,60,17.946556,0.0,0.0,1908710,2827208,22796,35257,33180,4,35.89311032,0,3,3
1289023,1,2,50428.0,44972.0,2,120,5,145247,0.029111,0.029111,0.0,0.029111,0.029111,0.029111,1,1,60,60,34.351276,0.0,0.0,1913667,2829835,22941,35010,33529,2,68.7025523,0,3,3
1260963,1,2,50428.0,42939.0,2,120,5,117186,0.037411,0.037411,0.0,0.037411,0.037411,0.037411,1,1,60,60,26.730106,0.0,0.0,1919217,2813555,23053,34492,34694,3,53.46021224,0,3,3
1220319,1,2,50428.0,16311.0,2,120,5,76542,0.019838,0.019838,0.0,0.019838,0.019838,0.019838,1,1,60,60,50.408306,0.0,0.0,1927481,2824575,23041,35225,32978,6,100.8166146,0,3,3
49302,1,2,50660.0,3283.0,2,134,5,21023,2e-05,2e-05,0.0,2e-05,2e-05,2e-05,1,1,74,60,50000.0,0.0,0.0,1891225,2848692,22843,35715,32655,5,100000.0,0,3,3
38643,1,2,51456.0,6001.0,2,120,5,10027,0.003362,0.003362,0.0,0.003362,0.003362,0.003362,1,1,60,60,297.441986,0.0,0.0,1873891,1983932,22489,22102,34758,2,594.8839976,0,3,3
1181363,1,2,52071.0,51051.0,2,120,5,37586,0.000997,0.000997,0.0,0.000997,0.000997,0.000997,1,1,60,60,1003.008972,0.0,0.0,1930559,2800528,22867,35840,31308,3,2006.018054,0,3,3
1209541,1,2,52071.0,2891.0,2,120,5,65764,0.024396,0.024396,0.0,0.024396,0.024396,0.024396,1,1,60,60,40.990326,0.0,0.0,1925554,2815173,22905,35518,32217,4,81.98065257,0,3,3
1183168,1,2,52071.0,21195.0,2,120,5,39391,0.000939,0.000939,0.0,0.000939,0.000939,0.000939,1,1,60,60,1064.962769,0.0,0.0,1901774,2830366,22697,35228,33199,6,2129.925453,0,3,3
1184674,1,2,52071.0,22802.0,2,120,5,40897,0.000689,0.000689,0.0,0.000689,0.000689,0.000689,1,1,60,60,1451.378784,0.0,0.0,1923972,2832650,22892,35071,33207,4,2902.75762,0,3,3
1196638,1,2,52071.0,26910.0,2,120,5,52861,0.001841,0.001841,0.0,0.001841,0.001841,0.001841,1,1,60,60,543.183044,0.0,0.0,1893659,2826428,22613,34794,34089,4,1086.366105,0,3,3
1184350,1,2,52071.0,65116.0,2,120,5,40573,0.001067,0.001067,0.0,0.001067,0.001067,0.001067,1,1,60,60,937.207153,0.0,0.0,1889470,2846770,22614,34792,34827,5,1874.414246,0,3,3
1153104,1,2,52071.0,17264.0,2,120,5,9326,9.7e-05,9.7e-05,0.0,9.7e-05,9.7e-05,9.7e-05,1,1,60,60,10309.27832,0.0,0.0,1909285,2837809,22642,36265,31128,2,20618.5567,0,3,3
1147865,1,2,52071.0,16679.0,2,120,5,4087,0.000122,0.000122,0.0,0.000122,0.000122,0.000122,1,1,60,60,8196.72168,0.0,0.0,1927474,2836914,22883,35797,31657,2,16393.44262,0,3,3
1168766,1,2,52071.0,32889.0,2,120,5,24989,0.000446,0.000446,0.0,0.000446,0.000446,0.000446,1,1,60,60,2242.152588,0.0,0.0,1919893,2813130,22746,35554,31835,2,4484.304933,0,3,3
1227447,1,2,52071.0,2834.0,2,120,5,83670,0.031658,0.031658,0.0,0.031658,0.031658,0.031658,1,1,60,60,31.587591,0.0,0.0,1934278,2842441,22966,35564,33301,4,63.17518479,0,3,3
1150819,1,2,52071.0,18564.0,2,120,5,7041,6.1e-05,6.1e-05,0.0,6.1e-05,6.1e-05,6.1e-05,1,1,60,60,16393.44336,0.0,0.0,1907975,2834279,22927,35156,33668,6,32786.88525,0,3,3
1178287,1,2,52071.0,43278.0,2,120,5,34510,0.003361,0.003361,0.0,0.003361,0.003361,0.003361,1,1,60,60,297.530487,0.0,0.0,1879964,2837128,22503,34932,34189,4,595.0609938,0,3,3
1159200,1,2,52071.0,38549.0,2,120,5,15422,0.000323,0.000323,0.0,0.000323,0.000323,0.000323,1,1,60,60,3095.975342,0.0,0.0,1923620,2843764,23035,34817,34607,3,6191.950464,0,3,3
493937,1,1,53280.0,50612.0,1,60,2,12392,0.0,0.0,0.0,0.0,0.0,0.0,1,0,60,0,0.0,0.0,0.0,1922011,2850851,22910,35591,57660,6,0.0,0,3,3
666785,1,2,54114.0,9018.0,2,120,5,167469,0.04429,0.04429,0.0,0.04429,0.04429,0.04429,1,1,60,60,22.578461,0.0,0.0,1913080,2802750,22693,35559,31161,2,45.1569203,0,3,3
757177,1,2,54114.0,32304.0,2,120,5,257862,0.035339,0.035339,0.0,0.035339,0.035339,0.035339,1,1,60,60,28.297348,0.0,0.0,1860419,2803886,21835,35686,31134,2,56.59469708,0,3,3
669469,1,2,54114.0,31960.0,2,120,5,170153,0.040014,0.040014,0.0,0.040014,0.040014,0.040014,1,1,60,60,24.991253,0.0,0.0,1903222,2834116,22500,35992,31413,6,49.98250612,0,3,3
725574,1,2,54114.0,59502.0,2,120,5,226259,0.046297,0.046297,0.0,0.046297,0.046297,0.046297,1,1,60,60,21.599672,0.0,0.0,1860654,2815323,22021,35651,31397,6,43.19934337,0,3,3
707921,1,2,54114.0,64084.0,2,120,5,208606,0.072161,0.072161,0.0,0.072161,0.072161,0.072161,1,1,60,60,13.857902,0.0,0.0,1906235,2827504,22477,35891,31425,7,27.71580216,0,3,3
700351,1,2,54114.0,22942.0,2,120,5,201036,0.041026,0.041026,0.0,0.041026,0.041026,0.041026,1,1,60,60,24.374786,0.0,0.0,1878906,2820170,21990,35761,31725,4,48.74957344,0,3,3
705680,1,2,54114.0,12227.0,2,120,5,206365,0.06747,0.06747,0.0,0.06747,0.06747,0.06747,1,1,60,60,14.821403,0.0,0.0,1878372,2843076,22200,35857,31846,2,29.64280421,0,3,3
701016,1,2,54114.0,18807.0,2,120,5,201701,0.04076,0.04076,0.0,0.04076,0.04076,0.04076,1,1,60,60,24.533857,0.0,0.0,1880507,2849366,22339,35931,31973,2,49.06771344,0,3,3
619379,1,2,54114.0,36100.0,2,120,5,120062,0.034767,0.034767,0.0,0.034767,0.034767,0.034767,1,1,60,60,28.762909,0.0,0.0,1863250,2814453,22211,35444,32225,2,57.52581471,0,3,3
758534,1,2,54114.0,55874.0,2,120,5,259219,0.051952,0.051952,0.0,0.051952,0.051952,0.051952,1,1,60,60,19.248537,0.0,0.0,1884145,2819355,22212,35464,32312,5,38.49707422,0,3,3
708572,1,2,54114.0,26901.0,2,120,5,209257,0.052821,0.052821,0.0,0.052821,0.052821,0.052821,1,1,60,60,18.931864,0.0,0.0,1893447,2824908,22453,35555,32649,7,37.86372844,0,3,3
737455,1,2,54114.0,53115.0,2,120,5,238140,0.057417,0.057417,0.0,0.057417,0.057417,0.057417,1,1,60,60,17.416445,0.0,0.0,1836880,2808502,21906,34914,33236,6,34.83288921,0,3,3
705015,1,2,54114.0,56367.0,2,120,5,205700,0.050101,0.050101,0.0,0.050101,0.050101,0.050101,1,1,60,60,19.959681,0.0,0.0,1855136,2811604,22040,34809,33811,6,39.91936289,0,3,3
733644,1,2,54114.0,12499.0,2,120,5,234329,0.051651,0.051651,0.0,0.051651,0.051651,0.051651,1,1,60,60,19.360708,0.0,0.0,1848862,2822837,21961,34749,33956,6,38.72141875,0,3,3
670914,1,2,54114.0,25257.0,2,120,5,171598,0.04703,0.04703,0.0,0.04703,0.04703,0.04703,1,1,60,60,21.263025,0.0,0.0,1812573,2830177,21504,34914,33969,7,42.5260472,0,3,3
621404,1,2,54114.0,51342.0,2,120,5,122087,0.027829,0.027829,0.0,0.027829,0.027829,0.027829,1,1,60,60,35.933739,0.0,0.0,1858675,2846952,22127,35144,34200,4,71.86747637,0,3,3
572461,1,2,54114.0,51413.0,2,120,5,73143,0.022924,0.022924,0.0,0.022924,0.022924,0.022924,1,1,60,60,43.622402,0.0,0.0,1848843,2839009,21957,34900,34201,3,87.24480893,0,3,3
577255,1,2,54114.0,60031.0,2,120,5,77937,0.020903,0.020903,0.0,0.020903,0.020903,0.020903,1,1,60,60,47.840023,0.0,0.0,1833216,2822106,21824,34539,34506,6,95.68004593,0,3,3
587378,1,2,54114.0,46178.0,2,120,5,88060,0.013872,0.013872,0.0,0.013872,0.013872,0.013872,1,1,60,60,72.087654,0.0,0.0,1822683,2858080,21717,34927,34662,9,144.1753172,0,3,3
756274,1,2,54114.0,6227.0,2,120,5,256959,0.045093,0.045093,0.0,0.045093,0.045093,0.045093,1,1,60,60,22.176392,0.0,0.0,1838000,2846466,22001,34831,34997,6,44.35278203,0,3,3
772314,1,2,55030.0,995.0,16,3455,5,273001,0.051717,0.051717,0.0,0.051717,0.051717,0.051717,9,7,1107,2348,290.040039,154.688019,116.016014,1858043,2838171,22170,35238,33555,11,309.3760272,0,3,3
1450290,1,2,55900.0,80.0,10,1675,5,306658,0.000545,0.000545,0.0,0.000545,0.000545,0.000545,6,4,915,760,16513.76172,9174.311523,5504.586914,1893358,2848715,22563,35023,34461,88292,18348.62385,0,3,3
450405,1,2,5602.0,3311.0,2,120,5,3827,4.8e-05,4.8e-05,0.0,4.8e-05,4.8e-05,4.8e-05,1,1,60,60,20833.33203,0.0,0.0,1974585,2800258,23494,35577,31038,5,41666.66667,0,3,3
769922,1,2,56176.0,1880.0,8,794,3,270608,0.001047,0.001047,0.0,0.001047,0.001047,0.001047,4,4,522,272,6685.768555,2865.329346,2865.329346,1847906,2826530,21991,35081,33770,14,7640.878701,0,3,3
340158,1,2,56304.0,14982.0,2,120,5,183451,0.024423,0.024423,0.0,0.024423,0.024423,0.024423,1,1,60,60,40.945011,0.0,0.0,1920827,2839558,22753,36263,31194,7,81.8900217,0,3,3
285419,1,2,56304.0,19991.0,2,120,5,128711,0.024216,0.024216,0.0,0.024216,0.024216,0.024216,1,1,60,60,41.295013,0.0,0.0,1910102,2825668,22434,35784,31391,6,82.59002313,0,3,3
354094,1,2,56304.0,33646.0,2,120,5,197387,0.0597,0.0597,0.0,0.0597,0.0597,0.0597,1,1,60,60,16.750418,0.0,0.0,1905035,2827373,22533,35919,31370,2,33.50083752,0,3,3
339406,1,2,56304.0,18338.0,2,120,5,182699,0.025731,0.025731,0.0,0.025731,0.025731,0.025731,1,1,60,60,38.863628,0.0,0.0,1864882,2811724,22050,35675,31737,5,77.72725506,0,3,3
211341,1,2,56304.0,46759.0,2,120,5,54633,0.01525,0.01525,0.0,0.01525,0.01525,0.01525,1,1,60,60,65.573769,0.0,0.0,1867566,2844562,22145,36033,31731,10,131.147541,0,3,3
249213,1,2,56304.0,61069.0,2,120,5,92505,0.0333,0.0333,0.0,0.0333,0.0333,0.0333,1,1,60,60,30.030029,0.0,0.0,1880808,2811192,22407,35498,32057,4,60.06006006,0,3,3
345829,1,2,56304.0,26105.0,2,120,5,189122,0.04283,0.04283,0.0,0.04283,0.04283,0.04283,1,1,60,60,23.34812,0.0,0.0,1862871,2801826,22110,35424,32055,2,46.69624095,0,3,3
227338,1,2,56304.0,49428.0,2,120,5,70630,0.001285,0.001285,0.0,0.001285,0.001285,0.001285,1,1,60,60,778.210083,0.0,0.0,1892816,2839008,22505,35825,32036,7,1556.420233,0,3,3
305440,1,2,56304.0,34440.0,2,120,5,148732,0.053123,0.053123,0.0,0.053123,0.053123,0.053123,1,1,60,60,18.824238,0.0,0.0,1875163,2817369,22244,35349,32721,5,37.64847618,0,3,3
322497,1,2,56304.0,3383.0,2,120,5,165789,0.05527,0.05527,0.0,0.05527,0.05527,0.05527,1,1,60,60,18.092999,0.0,0.0,1827124,2821611,21680,34953,33844,5,36.18599602,0,3,3
257654,1,2,56304.0,50030.0,2,120,5,100946,0.032539,0.032539,0.0,0.032539,0.032539,0.032539,1,1,60,60,30.732353,0.0,0.0,1859593,2832322,22183,34906,34059,4,61.46470389,0,3,3
324575,1,2,56304.0,58096.0,2,120,5,167867,0.061184,0.061184,0.0,0.061184,0.061184,0.061184,1,1,60,60,16.344143,0.0,0.0,1833058,2834073,21670,34768,34423,9,32.68828452,0,3,3
306277,1,2,56304.0,37596.0,2,120,5,149569,0.042559,0.042559,0.0,0.042559,0.042559,0.042559,1,1,60,60,23.496792,0.0,0.0,1854700,2839424,22201,34756,34505,6,46.99358538,0,3,3
334713,1,2,56304.0,42727.0,2,120,5,178006,0.037488,0.037488,0.0,0.037488,0.037488,0.037488,1,1,60,60,26.675203,0.0,0.0,1838930,2848503,21988,34963,34585,9,53.35040546,0,3,3
291178,1,2,56304.0,46441.0,2,120,5,134470,0.019541,0.019541,0.0,0.019541,0.019541,0.019541,1,1,60,60,51.174458,0.0,0.0,1859029,2840440,22108,34868,34499,4,102.3489074,0,3,3
206200,1,2,56304.0,63394.0,2,120,5,49492,0.008849,0.008849,0.0,0.008849,0.008849,0.008849,1,1,60,60,113.007126,0.0,0.0,1832507,2849330,21788,34935,34729,4,226.0142389,0,3,3
318889,1,2,56304.0,8332.0,2,120,5,162181,0.0497,0.0497,0.0,0.0497,0.0497,0.0497,1,1,60,60,20.120724,0.0,0.0,1844354,2845131,21980,34883,34893,4,40.24144869,0,3,3
340555,1,2,56304.0,3834.0,2,120,5,183848,0.02404,0.02404,0.0,0.02404,0.02404,0.02404,1,1,60,60,41.597336,0.0,0.0,1833948,2854696,21894,34932,34783,6,83.19467554,0,3,3
483138,1,2,56342.0,407.0,2,134,5,1452,3.8e-05,3.8e-05,0.0,3.8e-05,3.8e-05,3.8e-05,1,1,74,60,26315.79102,0.0,0.0,1949352,2855039,23166,36243,31616,2,52631.57895,0,3,3
1424000,1,2,56434.0,80.0,10,1675,5,280254,0.000289,0.000289,0.0,0.000289,0.000289,0.000289,6,4,915,760,31141.86914,17301.03906,10380.62305,1904840,2857732,22852,35730,33184,89078,34602.07612,0,3,3
378893,1,2,57044.0,36069.0,2,120,5,222186,0.024893,0.024893,0.0,0.024893,0.024893,0.024893,1,1,60,60,40.171936,0.0,0.0,1917772,2834779,23187,35932,31382,2,80.34387177,0,3,3
309999,1,2,57044.0,16324.0,2,120,5,153291,0.042383,0.042383,0.0,0.042383,0.042383,0.042383,1,1,60,60,23.594366,0.0,0.0,1897684,2830760,22867,35602,32562,2,47.18873133,0,3,3
323050,1,2,57044.0,24636.0,2,120,5,166342,0.054224,0.054224,0.0,0.054224,0.054224,0.054224,1,1,60,60,18.442019,0.0,0.0,1915508,2834133,23030,35442,32733,2,36.88403659,0,3,3
404908,1,2,57044.0,42426.0,2,120,5,248201,0.010682,0.010682,0.0,0.010682,0.010682,0.010682,1,1,60,60,93.615433,0.0,0.0,1903179,2832632,22876,35321,33155,6,187.2308556,0,3,3
373523,1,2,57044.0,18449.0,2,120,5,216816,0.038431,0.038431,0.0,0.038431,0.038431,0.038431,1,1,60,60,26.02066,0.0,0.0,1899456,2847408,22956,35313,33552,7,52.04132081,0,3,3
405453,1,2,57044.0,8440.0,2,120,5,248746,0.010602,0.010602,0.0,0.010602,0.010602,0.010602,1,1,60,60,94.321823,0.0,0.0,1886058,2824967,22727,35129,33622,2,188.6436521,0,3,3
324284,1,2,57044.0,40988.0,2,120,5,167576,0.047407,0.047407,0.0,0.047407,0.047407,0.047407,1,1,60,60,21.093931,0.0,0.0,1879036,2820239,22678,34930,33748,6,42.18786255,0,3,3
410086,1,2,57044.0,63454.0,2,120,5,253379,0.011552,0.011552,0.0,0.011552,0.011552,0.011552,1,1,60,60,86.565094,0.0,0.0,1893830,2813376,22878,34827,33848,7,173.1301939,0,3,3
418623,1,2,57044.0,18557.0,2,120,5,261916,0.013876,0.013876,0.0,0.013876,0.013876,0.013876,1,1,60,60,72.066879,0.0,0.0,1892263,2843817,22888,35235,33927,7,144.1337561,0,3,3
264633,1,2,57044.0,28939.0,2,120,5,107925,0.017122,0.017122,0.0,0.017122,0.017122,0.017122,1,1,60,60,58.404392,0.0,0.0,1922344,2841709,23336,35181,33921,4,116.808784,0,3,3
415823,1,2,57044.0,26591.0,2,120,5,259116,0.010222,0.010222,0.0,0.010222,0.010222,0.010222,1,1,60,60,97.828217,0.0,0.0,1900882,2806215,22902,34753,33983,1,195.6564273,0,3,3
325603,1,2,57044.0,42490.0,2,120,5,168895,0.044943,0.044943,0.0,0.044943,0.044943,0.044943,1,1,60,60,22.250406,0.0,0.0,1886425,2818073,22660,34697,34119,5,44.50081214,0,3,3
383286,1,2,57044.0,20401.0,2,120,5,226579,0.039651,0.039651,0.0,0.039651,0.039651,0.039651,1,1,60,60,25.220045,0.0,0.0,1850202,2844810,22231,34836,34867,6,50.44008978,0,3,3
665000,1,2,57184.0,24181.0,2,120,5,165684,0.039229,0.039229,0.0,0.039229,0.039229,0.039229,1,1,60,60,25.491344,0.0,0.0,1947437,2833019,23192,35922,31722,6,50.98269138,0,3,3
694401,1,2,57184.0,49879.0,2,120,5,195085,0.062442,0.062442,0.0,0.062442,0.062442,0.062442,1,1,60,60,16.014862,0.0,0.0,1973993,2841242,23662,35981,31771,2,32.02972358,0,3,3
743152,1,2,57184.0,887.0,2,120,5,243837,0.034062,0.034062,0.0,0.034062,0.034062,0.034062,1,1,60,60,29.358227,0.0,0.0,1948202,2825808,23088,35435,32325,2,58.71645822,0,3,3
718430,1,2,57184.0,9513.0,2,120,5,219115,0.051161,0.051161,0.0,0.051161,0.051161,0.051161,1,1,60,60,19.546139,0.0,0.0,1899967,2830092,22652,35484,32675,2,39.09227732,0,3,3
739743,1,2,57184.0,18854.0,2,120,5,240428,0.045151,0.045151,0.0,0.045151,0.045151,0.045151,1,1,60,60,22.147903,0.0,0.0,1900978,2849428,22770,35619,32890,2,44.2958074,0,3,3
620654,1,2,57184.0,40033.0,2,120,5,121337,0.03773,0.03773,0.0,0.03773,0.03773,0.03773,1,1,60,60,26.504108,0.0,0.0,1903904,2810079,22726,34849,33560,6,53.00821627,0,3,3
710140,1,2,57184.0,49032.0,2,120,5,210825,0.046579,0.046579,0.0,0.046579,0.046579,0.046579,1,1,60,60,21.468903,0.0,0.0,1917498,2833005,22957,35234,33508,4,42.93780459,0,3,3
751651,1,2,57184.0,6433.0,2,120,5,252336,0.038292,0.038292,0.0,0.038292,0.038292,0.038292,1,1,60,60,26.115116,0.0,0.0,1922806,2824965,22993,34713,34096,4,52.23023086,0,3,3
694258,1,2,57184.0,47701.0,2,120,5,194942,0.061272,0.061272,0.0,0.061272,0.061272,0.061272,1,1,60,60,16.320669,0.0,0.0,1912226,2844991,22754,34986,34276,6,32.64133699,0,3,3
723486,1,2,57184.0,58889.0,2,120,5,224171,0.040419,0.040419,0.0,0.040419,0.040419,0.040419,1,1,60,60,24.740839,0.0,0.0,1899767,2827861,22679,34511,34875,3,49.48167941,0,3,3
1133674,1,2,57874.0,3011.0,2,120,5,4934,0.000256,0.000256,0.0,0.000256,0.000256,0.000256,1,1,60,60,3906.25,0.0,0.0,1909188,2835940,22948,34734,34749,6,7812.5,0,3,3
1438485,1,2,58042.0,995.0,21,4392,5,294852,0.1585,0.1585,0.0,0.1585,0.1585,0.1585,12,9,1582,2810,126.182968,69.400627,50.473186,1919890,2841066,22872,35168,33320,9,132.4921136,0,3,3
1091670,1,2,58098.0,1883.0,6,662,5,272081,0.001494,0.001494,0.0,0.001494,0.001494,0.001494,3,3,456,206,3346.720215,1338.68811,1338.68811,1908013,2841663,22925,35879,31962,8,4016.064257,0,3,3
788473,1,2,5816.0,3286.0,2,120,5,3720,5.4e-05,5.4e-05,0.0,5.4e-05,5.4e-05,5.4e-05,1,1,60,60,18518.51758,0.0,0.0,1869164,2815953,22097,35636,31645,6,37037.03704,0,3,3
336108,1,2,59460.0,8481.0,2,120,5,179401,0.021557,0.021557,0.0,0.021557,0.021557,0.021557,1,1,60,60,46.388645,0.0,0.0,1949405,2827888,23123,36168,31040,2,92.77728812,0,3,3
385139,1,2,59460.0,38617.0,2,120,5,228432,0.039035,0.039035,0.0,0.039035,0.039035,0.039035,1,1,60,60,25.618034,0.0,0.0,1954085,2802531,23112,35776,31098,4,51.23607019,0,3,3
211262,1,2,59460.0,44379.0,2,120,5,54554,0.017155,0.017155,0.0,0.017155,0.017155,0.017155,1,1,60,60,58.292046,0.0,0.0,1923229,2835054,22896,36113,31132,2,116.5840863,0,3,3
378693,1,2,59460.0,60844.0,2,120,5,221986,0.044983,0.044983,0.0,0.044983,0.044983,0.044983,1,1,60,60,22.230621,0.0,0.0,1941104,2842091,23174,35983,31546,2,44.46124091,0,3,3
385870,1,2,59460.0,2337.0,2,120,5,229163,0.040767,0.040767,0.0,0.040767,0.040767,0.040767,1,1,60,60,24.529644,0.0,0.0,1925976,2817471,22924,35630,31967,2,49.05928815,0,3,3
372570,1,2,59460.0,65051.0,2,120,5,215863,0.036493,0.036493,0.0,0.036493,0.036493,0.036493,1,1,60,60,27.402515,0.0,0.0,1907487,2828788,22621,35619,32749,2,54.8050311,0,3,3
378377,1,2,59460.0,8211.0,2,120,5,221670,0.037883,0.037883,0.0,0.037883,0.037883,0.037883,1,1,60,60,26.397066,0.0,0.0,1926346,2833714,22911,35513,32809,5,52.79412929,0,3,3
245922,1,2,59460.0,48876.0,2,120,5,89214,0.024923,0.024923,0.0,0.024923,0.024923,0.024923,1,1,60,60,40.123581,0.0,0.0,1934939,2837969,23083,35419,32874,3,80.24716126,0,3,3
340903,1,2,59460.0,7263.0,2,120,5,184196,0.027017,0.027017,0.0,0.027017,0.027017,0.027017,1,1,60,60,37.013733,0.0,0.0,1914962,2826055,22813,35168,33910,4,74.02746419,0,3,3
386569,1,2,59460.0,1116.0,2,120,5,229862,0.037199,0.037199,0.0,0.037199,0.037199,0.037199,1,1,60,60,26.882442,0.0,0.0,1897426,2832639,22659,34944,33996,7,53.76488615,0,3,3
322787,1,2,59460.0,35533.0,2,120,5,166079,0.039352,0.039352,0.0,0.039352,0.039352,0.039352,1,1,60,60,25.411669,0.0,0.0,1906133,2841860,22623,35064,34198,1,50.82333808,0,3,3
257541,1,2,59460.0,47119.0,2,120,5,100833,0.025741,0.025741,0.0,0.025741,0.025741,0.025741,1,1,60,60,38.84853,0.0,0.0,1902734,2855942,22721,35239,34249,6,77.69705917,0,3,3
294544,1,2,59460.0,21304.0,2,120,5,137836,0.038623,0.038623,0.0,0.038623,0.038623,0.038623,1,1,60,60,25.891308,0.0,0.0,1898990,2854891,22660,34963,34476,6,51.78261658,0,3,3
221299,1,2,59460.0,49622.0,2,120,5,64591,0.015112,0.015112,0.0,0.015112,0.015112,0.015112,1,1,60,60,66.172577,0.0,0.0,1882376,2848170,22609,34900,34638,4,132.3451562,0,3,3
453498,1,2,5969.0,4069.0,2,120,5,7100,4e-06,4e-06,0.0,4e-06,4e-06,4e-06,1,1,60,60,250000.0,0.0,0.0,1915129,2838671,22831,34854,34410,5,500000.0,0,3,3
116380,1,2,64758.0,5190.0,2,120,5,13851,0.000424,0.000424,0.0,0.000424,0.000424,0.000424,1,1,60,60,2358.490479,0.0,0.0,1949193,1378727,23308,17856,34067,9,4716.981132,0,3,3
132732,1,2,64863.0,135.0,2,120,5,8209,0.000564,0.000564,0.0,0.000564,0.000564,0.000564,1,1,60,60,1773.049683,0.0,0.0,1933567,1380839,23013,17668,33935,3,3546.099291,0,3,3
633529,1,2,65233.0,1880.0,3,180,5,134212,0.043424,0.043424,0.0,0.043424,0.043424,0.043424,2,1,120,60,46.05748,23.02874,0.0,1921324,2866292,22843,36006,32222,8,69.0862196,0,3,3
550188,1,2,65233.0,4102.0,2,120,5,50870,0.002037,0.002037,0.0,0.002037,0.002037,0.002037,1,1,60,60,490.91803,0.0,0.0,1934264,2837498,23035,35706,32348,10,981.8360334,0,3,3
638998,1,2,65233.0,46516.0,2,120,5,139681,0.038294,0.038294,0.0,0.038294,0.038294,0.038294,1,1,60,60,26.113752,0.0,0.0,1923990,2818383,22859,35237,32822,6,52.227503,0,3,3
559808,1,2,65233.0,55384.0,2,120,5,60490,0.012407,0.012407,0.0,0.012407,0.012407,0.012407,1,1,60,60,80.599663,0.0,0.0,1929186,2840189,23085,35484,32973,1,161.199323,0,3,3
635104,1,2,65233.0,25804.0,2,120,5,135787,0.035589,0.035589,0.0,0.035589,0.035589,0.035589,1,1,60,60,28.098572,0.0,0.0,1900881,2812773,22741,34834,33708,3,56.19713957,0,3,3
560214,1,2,65233.0,17337.0,2,120,5,60896,0.012596,0.012596,0.0,0.012596,0.012596,0.012596,1,1,60,60,79.390282,0.0,0.0,1905987,2849625,22922,34969,34287,6,158.7805653,0,3,3
520309,1,2,65233.0,10115.0,2,120,5,20991,0.000509,0.000509,0.0,0.000509,0.000509,0.000509,1,1,60,60,1964.636597,0.0,0.0,1969387,2825537,23431,36002,31133,2,3929.273084,0,3,3
527807,1,2,65233.0,58895.0,2,120,5,28489,0.001103,0.001103,0.0,0.001103,0.001103,0.001103,1,1,60,60,906.618286,0.0,0.0,1882032,2831157,22601,34791,34055,4,1813.236627,0,3,3
511532,1,2,65233.0,56376.0,2,120,5,12214,0.00021,0.00021,0.0,0.00021,0.00021,0.00021,1,1,60,60,4761.904785,0.0,0.0,1933560,2830038,23343,34764,34256,1,9523.809524,0,3,3
536524,1,2,65233.0,37743.0,2,120,5,37206,0.001356,0.001356,0.0,0.001356,0.001356,0.001356,1,1,60,60,737.463135,0.0,0.0,1910190,2818385,22695,34580,34264,4,1474.926254,0,3,3
1110397,1,2,7425.0,5055.0,2,120,5,2975,7.9e-05,7.9e-05,0.0,7.9e-05,7.9e-05,7.9e-05,1,1,60,60,12658.22852,0.0,0.0,1928420,2827229,23042,35165,32857,5,25316.4557,0,3,3
792078,1,2,7452.0,4922.0,2,120,5,3385,4.4e-05,4.4e-05,0.0,4.4e-05,4.4e-05,4.4e-05,1,1,60,60,22727.27344,0.0,0.0,1853607,2841679,22303,34918,34291,6,45454.54545,0,3,3
795693,1,2,7485.0,6372.0,2,120,5,2179,9e-06,9e-06,0.0,9e-06,9e-06,9e-06,1,1,60,60,111111.1094,0.0,0.0,1939899,2842500,22997,35743,32141,2,222222.2222,0,3,3
1110785,1,2,7554.0,5184.0,2,120,5,3391,5.4e-05,5.4e-05,0.0,5.4e-05,5.4e-05,5.4e-05,1,1,60,60,18518.51758,0.0,0.0,1942277,2842345,22982,35441,33160,4,37037.03704,0,3,3
1116452,1,2,9174.0,6990.0,2,120,5,3623,2.1e-05,2.1e-05,0.0,2.1e-05,2.1e-05,2.1e-05,1,1,60,60,47619.04688,0.0,0.0,1869090,2839520,22220,35920,31812,2,95238.09524,0,3,3
1117370,1,2,9981.0,7797.0,2,120,5,685,6.1e-05,6.1e-05,0.0,6.1e-05,6.1e-05,6.1e-05,1,1,60,60,16393.44336,0.0,0.0,1874283,2840807,22340,35206,33568,6,32786.88525,0,3,3
1417671,5,2,49136.0,80.0,19,3290,5,273924,91.416428,0.00195,0.001753,0.0039,0.000197,0.003703,11,8,1770,1520,0.196901,0.10939,0.076573,1893387,2824823,22915,35176,33442,89023,0.207840105,0,3,3
77246,2,2,1124.0,952.0,4,240,5,13199,1.014746,0.507373,0.507373,1.014746,0.0,1.014746,3,1,180,60,2.956405,1.970937,0.0,1945473,1983058,23102,21879,31395,1,3.941873139,0,3,3
77581,2,2,1758.0,328.0,4,240,5,13534,0.007766,0.007766,0.0,0.007766,0.007766,0.007766,2,2,120,120,386.299255,128.766418,128.766418,1901687,1975003,22946,21605,31561,2,515.0656709,0,3,3
36491,2,2,2456.0,385.0,4,240,5,7866,0.00727,0.00727,0.0,0.00727,0.00727,0.00727,2,2,120,120,412.654755,137.55159,137.55159,1931033,2829894,23143,35872,32444,6,550.2063274,0,3,3
1141511,6,1,35103.0,18234.0,1,60,2,13018,6.9e-05,6.9e-05,0.0,6.9e-05,6.9e-05,6.9e-05,1,0,60,0,0.0,0.0,0.0,1867331,2838459,22164,35508,58285,6,14492.75362,0,3,3
812849,6,1,35147.0,19663.0,1,60,2,9990,4.9e-05,4.9e-05,0.0,4.9e-05,4.9e-05,4.9e-05,1,0,60,0,0.0,0.0,0.0,1917807,2808971,23244,35486,59697,5,20408.16327,0,3,3
7720,6,1,38759.0,23354.0,1,60,2,7917,5.6e-05,5.6e-05,0.0,5.6e-05,5.6e-05,5.6e-05,1,0,60,0,0.0,0.0,0.0,1919470,2834955,23003,34709,55232,6,17857.14286,0,3,3
